OpenGL Version 4.6 (Compatibility Profile) Mesa 26.1.5 - PikaOS YellowBirb Mesa Stable (git-6a02618ccf)
'Colors' -- 93 compilation error(s):
  line 11: unknown variable 'Vec3'
  line 11: unknown reference 'Vec3'
  line 11: no overload of 'Vec3()' is compatible with these argument types
  line 11:   candidates: Vec3f RNG_Vec3(RNG rng, Vec3f lower, Vec3f upper), Vec3f Vec3_Create(Float x, Float y, Float z)
  line 11: no function named 'Vec3' found in this script or imported scripts
  line 11: unknown variable '0.2' (did you mean 'Bad'?)
  line 11: unknown reference '0.2'
  line 11: no native function named '0.2' (did you mean 'Bad'?)
  line 11: no function named '0.2' found in this script or imported scripts
  line 11: cannot resolve type '0.2'
  line 11: unknown variable '0.7' (did you mean 'Bad'?)
  line 11: unknown reference '0.7'
  line 11: no native function named '0.7' (did you mean 'Bad'?)
  line 11: no function named '0.7' found in this script or imported scripts
  line 11: cannot resolve type '0.7'
  line 11: unknown variable '1.0' (did you mean 'Bad'?)
  line 11: unknown reference '1.0'
  line 11: no native function named '1.0' (did you mean 'Bad'?)
  line 11: no function named '1.0' found in this script or imported scripts
  line 11: cannot resolve type '1.0'
  line 11: no overload of '--(Vec3f, Float, Float, Float)' is compatible with these argument types
  line 11:   candidates: void Int_Decrement(Int32 i)
  line 11: unknown variable 'Vec3'
  line 11: unknown reference 'Vec3'
  line 11: no overload of 'Vec3()' is compatible with these argument types
  line 11:   candidates: Vec3f RNG_Vec3(RNG rng, Vec3f lower, Vec3f upper), Vec3f Vec3_Create(Float x, Float y, Float z)
  line 11: no function named 'Vec3' found in this script or imported scripts
  line 11: no function named '--' found in this script or imported scripts
  line 11: '.' field access expects 1 argument (object)
  line 11: '->' dereference expects 1 argument (pointer)
  line 11: cannot resolve type '(-- Vec3 0.2 0.7 1.0)'
  line 12: unknown variable 'Vec3'
  line 12: unknown reference 'Vec3'
  line 12: no overload of 'Vec3()' is compatible with these argument types
  line 12:   candidates: Vec3f RNG_Vec3(RNG rng, Vec3f lower, Vec3f upper), Vec3f Vec3_Create(Float x, Float y, Float z)
  line 12: no function named 'Vec3' found in this script or imported scripts
  line 12: unknown variable '1.0' (did you mean 'Bad'?)
  line 12: unknown reference '1.0'
  line 12: no native function named '1.0' (did you mean 'Bad'?)
  line 12: no function named '1.0' found in this script or imported scripts
  line 12: cannot resolve type '1.0'
  line 12: unknown variable '0.3' (did you mean 'Bad'?)
  line 12: unknown reference '0.3'
  line 12: no native function named '0.3' (did you mean 'Bad'?)
  line 12: no function named '0.3' found in this script or imported scripts
  line 12: cannot resolve type '0.3'
  line 12: unknown variable '0.1' (did you mean 'Bad'?)
  line 12: unknown reference '0.1'
  line 12: no native function named '0.1' (did you mean 'Bad'?)
  line 12: no function named '0.1' found in this script or imported scripts
  line 12: cannot resolve type '0.1'
  line 12: no overload of '--(Vec3f, Float, Float, Float)' is compatible with these argument types
  line 12:   candidates: void Int_Decrement(Int32 i)
  line 12: unknown variable 'Vec3'
  line 12: unknown reference 'Vec3'
  line 12: no overload of 'Vec3()' is compatible with these argument types
  line 12:   candidates: Vec3f RNG_Vec3(RNG rng, Vec3f lower, Vec3f upper), Vec3f Vec3_Create(Float x, Float y, Float z)
  line 12: no function named 'Vec3' found in this script or imported scripts
  line 12: no function named '--' found in this script or imported scripts
  line 12: '.' field access expects 1 argument (object)
  line 12: '->' dereference expects 1 argument (pointer)
  line 12: cannot resolve type '(-- Vec3 1.0 0.3 0.1)'
  line 16: unknown variable 'Vec3'
  line 16: unknown reference 'Vec3'
  line 16: no overload of 'Vec3()' is compatible with these argument types
  line 16:   candidates: Vec3f RNG_Vec3(RNG rng, Vec3f lower, Vec3f upper), Vec3f Vec3_Create(Float x, Float y, Float z)
  line 16: no function named 'Vec3' found in this script or imported scripts
  line 16: unknown variable '0.3' (did you mean 'Bad'?)
  line 16: unknown reference '0.3'
  line 16: no native function named '0.3' (did you mean 'Bad'?)
  line 16: no function named '0.3' found in this script or imported scripts
  line 16: cannot resolve type '0.3'
  line 16: unknown variable '0.5' (did you mean 'Bad'?)
  line 16: unknown reference '0.5'
  line 16: no native function named '0.5' (did you mean 'Bad'?)
  line 16: no function named '0.5' found in this script or imported scripts
  line 16: cannot resolve type '0.5'
  line 16: unknown variable '1.0' (did you mean 'Bad'?)
  line 16: unknown reference '1.0'
  line 16: no native function named '1.0' (did you mean 'Bad'?)
  line 16: no function named '1.0' found in this script or imported scripts
  line 16: cannot resolve type '1.0'
  line 16: no overload of '--(Vec3f, Float, Float, Float)' is compatible with these argument types
  line 16:   candidates: void Int_Decrement(Int32 i)
  line 16: unknown variable 'Vec3'
  line 16: unknown reference 'Vec3'
  line 16: no overload of 'Vec3()' is compatible with these argument types
  line 16:   candidates: Vec3f RNG_Vec3(RNG rng, Vec3f lower, Vec3f upper), Vec3f Vec3_Create(Float x, Float y, Float z)
  line 16: no function named 'Vec3' found in this script or imported scripts
  line 16: no function named '--' found in this script or imported scripts
  line 16: '.' field access expects 1 argument (object)
  line 16: '->' dereference expects 1 argument (pointer)
  line 16: cannot resolve type '(-- Vec3 0.3 0.5 1.0)'
'Object/SystemPopulate' -- 403 compilation error(s):
  line 1: unknown variable 'Copyright'
  line 1: unknown reference 'Copyright'
  line 1: no native function named 'Copyright'
  line 1: no function named 'Copyright' found in this script or imported scripts
  line 1: cannot resolve type 'Copyright'
  line 1: unrecognized literal 'Copyright' (expected integer, float, string, or bool)
  line 1: unresolved name 'Copyright'
  line 1: argument 1 to function '--' failed to compile
  line 1: unknown variable 'Copyright'
  line 1: unknown reference 'Copyright'
  line 1: no native function named 'Copyright'
  line 1: no function named 'Copyright' found in this script or imported scripts
  line 1: cannot resolve type 'Copyright'
  line 1: unrecognized literal 'Copyright' (expected integer, float, string, or bool)
  line 1: unresolved name 'Copyright'
  line 1: no function named '--' found in this script or imported scripts
  line 1: '.' field access expects 1 argument (object)
  line 1: '->' dereference expects 1 argument (pointer)
  line 1: cannot resolve type '(-- Copyright (C) 2025 darkoned12000)'
  line 2: unknown variable 'SPDX-License-Identifier:'
  line 2: unknown reference 'SPDX-License-Identifier:'
  line 2: no native function named 'SPDX-License-Identifier:'
  line 2: no function named 'SPDX-License-Identifier:' found in this script or imported scripts
  line 2: cannot resolve type 'SPDX-License-Identifier:'
  line 2: unrecognized literal 'SPDX-License-Identifier:' (expected integer, float, string, or bool)
  line 2: unresolved name 'SPDX-License-Identifier:'
  line 2: argument 1 to function '--' failed to compile
  line 2: unknown variable 'SPDX-License-Identifier:'
  line 2: unknown reference 'SPDX-License-Identifier:'
  line 2: no native function named 'SPDX-License-Identifier:'
  line 2: no function named 'SPDX-License-Identifier:' found in this script or imported scripts
  line 2: cannot resolve type 'SPDX-License-Identifier:'
  line 2: unrecognized literal 'SPDX-License-Identifier:' (expected integer, float, string, or bool)
  line 2: unresolved name 'SPDX-License-Identifier:'
  line 2: no function named '--' found in this script or imported scripts
  line 2: '.' field access expects 1 argument (object)
  line 2: '->' dereference expects 1 argument (pointer)
  line 2: cannot resolve type '(-- SPDX-License-Identifier: (0-or-later GPL-3))'
  line 3: unknown variable 'Part'
  line 3: unknown reference 'Part'
  line 3: no native function named 'Part'
  line 3: no function named 'Part' found in this script or imported scripts
  line 3: cannot resolve type 'Part'
  line 3: unrecognized literal 'Part' (expected integer, float, string, or bool)
  line 3: unresolved name 'Part'
  line 3: argument 1 to function '--' failed to compile
  line 3: unknown variable 'Part'
  line 3: unknown reference 'Part'
  line 3: no native function named 'Part'
  line 3: no function named 'Part' found in this script or imported scripts
  line 3: cannot resolve type 'Part'
  line 3: unrecognized literal 'Part' (expected integer, float, string, or bool)
  line 3: unresolved name 'Part'
  line 3: no function named '--' found in this script or imported scripts
  line 3: '.' field access expects 1 argument (object)
  line 3: '->' dereference expects 1 argument (pointer)
  line 3: cannot resolve type '(-- Part of the ltheory-old-test modernization effort (Revamp Work) .)'
  line 4: unknown variable 'See'
  line 4: unknown reference 'See'
  line 4: no native function named 'See'
  line 4: no function named 'See' found in this script or imported scripts
  line 4: cannot resolve type 'See'
  line 4: unrecognized literal 'See' (expected integer, float, string, or bool)
  line 4: unresolved name 'See'
  line 4: argument 1 to function '--' failed to compile
  line 4: unknown variable 'See'
  line 4: unknown reference 'See'
  line 4: no native function named 'See'
  line 4: no function named 'See' found in this script or imported scripts
  line 4: cannot resolve type 'See'
  line 4: unrecognized literal 'See' (expected integer, float, string, or bool)
  line 4: unresolved name 'See'
  line 4: no function named '--' found in this script or imported scripts
  line 4: '.' field access expects 1 argument (object)
  line 4: '->' dereference expects 1 argument (pointer)
  line 4: cannot resolve type '(-- See NOTICE and (GPL LICENSE) Original engine (c) Josh Parnell, public domain)'
  line 6: unknown variable 'Local,'
  line 6: unknown reference 'Local,'
  line 6: no native function named 'Local,'
  line 6: no function named 'Local,' found in this script or imported scripts
  line 6: cannot resolve type 'Local,'
  line 6: unrecognized literal 'Local,' (expected integer, float, string, or bool)
  line 6: unresolved name 'Local,'
  line 6: argument 1 to function '--' failed to compile
  line 6: unknown variable 'Local,'
  line 6: unknown reference 'Local,'
  line 6: no native function named 'Local,'
  line 6: no function named 'Local,' found in this script or imported scripts
  line 6: cannot resolve type 'Local,'
  line 6: unrecognized literal 'Local,' (expected integer, float, string, or bool)
  line 6: unresolved name 'Local,'
  line 6: no function named '--' found in this script or imported scripts
  line 6: '.' field access expects 1 argument (object)
  line 6: '->' dereference expects 1 argument (pointer)
  line 6: cannot resolve type '(-- Local, self-contained system populator The upstream (lts Object/System) has a)'
  line 7: unknown variable 'degenerate'
  line 7: unknown reference 'degenerate'
  line 7: no native function named 'degenerate'
  line 7: no function named 'degenerate' found in this script or imported scripts
  line 7: cannot resolve type 'degenerate'
  line 7: unrecognized literal 'degenerate' (expected integer, float, string, or bool)
  line 7: unresolved name 'degenerate'
  line 7: argument 1 to function '--' failed to compile
  line 7: unknown variable 'degenerate'
  line 7: unknown reference 'degenerate'
  line 7: no native function named 'degenerate'
  line 7: no function named 'degenerate' found in this script or imported scripts
  line 7: cannot resolve type 'degenerate'
  line 7: unrecognized literal 'degenerate' (expected integer, float, string, or bool)
  line 7: unresolved name 'degenerate'
  line 7: no function named '--' found in this script or imported scripts
  line 7: '.' field access expects 1 argument (object)
  line 7: '->' dereference expects 1 argument (pointer)
  line 7: cannot resolve type '(-- degenerate planet placement (Vec3_Cylinder radius 0 -> planet spawns at the))'
  line 8: unknown variable 'origin,'
  line 8: unknown reference 'origin,'
  line 8: no native function named 'origin,'
  line 8: no function named 'origin,' found in this script or imported scripts
  line 8: cannot resolve type 'origin,'
  line 8: unrecognized literal 'origin,' (expected integer, float, string, or bool)
  line 8: unresolved name 'origin,'
  line 8: argument 1 to function '--' failed to compile
  line 8: unknown variable 'origin,'
  line 8: unknown reference 'origin,'
  line 8: no native function named 'origin,'
  line 8: no function named 'origin,' found in this script or imported scripts
  line 8: cannot resolve type 'origin,'
  line 8: unrecognized literal 'origin,' (expected integer, float, string, or bool)
  line 8: unresolved name 'origin,'
  line 8: no function named '--' found in this script or imported scripts
  line 8: '.' field access expects 1 argument (object)
  line 8: '->' dereference expects 1 argument (pointer)
  line 8: cannot resolve type '(-- origin, inside the camera) and a broken "Orbital rail" block (Object/WarpNode)'
  line 9: unknown variable 'fails'
  line 9: unknown reference 'fails'
  line 9: no native function named 'fails'
  line 9: no function named 'fails' found in this script or imported scripts
  line 9: cannot resolve type 'fails'
  line 9: unrecognized literal 'fails' (expected integer, float, string, or bool)
  line 9: unresolved name 'fails'
  line 9: argument 1 to function '--' failed to compile
  line 9: unknown variable 'fails'
  line 9: unknown reference 'fails'
  line 9: no native function named 'fails'
  line 9: no function named 'fails' found in this script or imported scripts
  line 9: cannot resolve type 'fails'
  line 9: unrecognized literal 'fails' (expected integer, float, string, or bool)
  line 9: unresolved name 'fails'
  line 9: no function named '--' found in this script or imported scripts
  line 9: '.' field access expects 1 argument (object)
  line 9: '->' dereference expects 1 argument (pointer)
  line 9: cannot resolve type '(-- fails to compile in this build), so we keep it untouched and use this instead)'
  line 10: unknown variable 'Everything'
  line 10: unknown reference 'Everything'
  line 10: no native function named 'Everything'
  line 10: no function named 'Everything' found in this script or imported scripts
  line 10: cannot resolve type 'Everything'
  line 10: unrecognized literal 'Everything' (expected integer, float, string, or bool)
  line 10: unresolved name 'Everything'
  line 10: argument 1 to function '--' failed to compile
  line 10: unknown variable 'Everything'
  line 10: unknown reference 'Everything'
  line 10: no native function named 'Everything'
  line 10: no function named 'Everything' found in this script or imported scripts
  line 10: cannot resolve type 'Everything'
  line 10: unrecognized literal 'Everything' (expected integer, float, string, or bool)
  line 10: unresolved name 'Everything'
  line 10: no function named '--' found in this script or imported scripts
  line 10: '.' field access expects 1 argument (object)
  line 10: '->' dereference expects 1 argument (pointer)
  line 10: cannot resolve type '(-- Everything here is driven by (GetSeed, self) so the same seed reproduces the)'
  line 11: unknown variable 'same'
  line 11: unknown reference 'same'
  line 11: no native function named 'same'
  line 11: no function named 'same' found in this script or imported scripts
  line 11: cannot resolve type 'same'
  line 11: unrecognized literal 'same' (expected integer, float, string, or bool)
  line 11: unresolved name 'same'
  line 11: argument 1 to function '--' failed to compile
  line 11: unknown variable 'same'
  line 11: unknown reference 'same'
  line 11: no native function named 'same'
  line 11: no function named 'same' found in this script or imported scripts
  line 11: cannot resolve type 'same'
  line 11: unrecognized literal 'same' (expected integer, float, string, or bool)
  line 11: unresolved name 'same'
  line 11: no function named '--' found in this script or imported scripts
  line 11: '.' field access expects 1 argument (object)
  line 11: '->' dereference expects 1 argument (pointer)
  line 11: cannot resolve type '(-- same system deterministically Returns the created planet Object so the app)'
  line 12: unknown variable 'can'
  line 12: unknown reference 'can'
  line 12: no native function named 'can'
  line 12: no function named 'can' found in this script or imported scripts
  line 12: cannot resolve type 'can'
  line 12: unrecognized literal 'can' (expected integer, float, string, or bool)
  line 12: unresolved name 'can'
  line 12: argument 1 to function '--' failed to compile
  line 12: unknown variable 'can'
  line 12: unknown reference 'can'
  line 12: no native function named 'can'
  line 12: no function named 'can' found in this script or imported scripts
  line 12: cannot resolve type 'can'
  line 12: unrecognized literal 'can' (expected integer, float, string, or bool)
  line 12: unresolved name 'can'
  line 12: no function named '--' found in this script or imported scripts
  line 12: '.' field access expects 1 argument (object)
  line 12: '->' dereference expects 1 argument (pointer)
  line 12: cannot resolve type '(-- can spawn the player relative to it)'
  line 16: unknown variable '---'
  line 16: unknown reference '---'
  line 16: no native function named '---'
  line 16: no function named '---' found in this script or imported scripts
  line 16: cannot resolve type '---'
  line 16: unknown variable 'Planet'
  line 16: unknown reference 'Planet'
  line 16: no native function named 'Planet'
  line 16: no function named 'Planet' found in this script or imported scripts
  line 16: cannot resolve type 'Planet'
  line 16: unrecognized literal 'Planet' (expected integer, float, string, or bool)
  line 16: unresolved name 'Planet'
  line 16: argument 2 to function '--' failed to compile
  line 16: unknown variable '---'
  line 16: unknown reference '---'
  line 16: no native function named '---'
  line 16: no function named '---' found in this script or imported scripts
  line 16: cannot resolve type '---'
  line 16: no function named '--' found in this script or imported scripts
  line 16: '.' field access expects 1 argument (object)
  line 16: '->' dereference expects 1 argument (pointer)
  line 16: cannot resolve type '(-- --- Planet -------------------------------------------------------------)'
  line 17: unknown variable 'Place'
  line 17: unknown reference 'Place'
  line 17: no native function named 'Place'
  line 17: no function named 'Place' found in this script or imported scripts
  line 17: cannot resolve type 'Place'
  line 17: unrecognized literal 'Place' (expected integer, float, string, or bool)
  line 17: unresolved name 'Place'
  line 17: argument 1 to function '--' failed to compile
  line 17: unknown variable 'Place'
  line 17: unknown reference 'Place'
  line 17: no native function named 'Place'
  line 17: no function named 'Place' found in this script or imported scripts
  line 17: cannot resolve type 'Place'
  line 17: unrecognized literal 'Place' (expected integer, float, string, or bool)
  line 17: unresolved name 'Place'
  line 17: no function named '--' found in this script or imported scripts
  line 17: '.' field access expects 1 argument (object)
  line 17: '->' dereference expects 1 argument (pointer)
  line 17: cannot resolve type '(-- Place the planet at a true-3D orbital position ((Direction rng) gives a unit))'
  line 18: unknown variable 'vector'
  line 18: unknown reference 'vector'
  line 18: no native function named 'vector'
  line 18: no function named 'vector' found in this script or imported scripts
  line 18: cannot resolve type 'vector'
  line 18: unrecognized literal 'vector' (expected integer, float, string, or bool)
  line 18: unresolved name 'vector'
  line 18: argument 1 to function '--' failed to compile
  line 18: unknown variable 'vector'
  line 18: unknown reference 'vector'
  line 18: no native function named 'vector'
  line 18: no function named 'vector' found in this script or imported scripts
  line 18: cannot resolve type 'vector'
  line 18: unrecognized literal 'vector' (expected integer, float, string, or bool)
  line 18: unresolved name 'vector'
  line 18: no function named '--' found in this script or imported scripts
  line 18: '.' field access expects 1 argument (object)
  line 18: '->' dereference expects 1 argument (pointer)
  line 18: cannot resolve type '(-- vector in any direction) so its orbital plane is randomly inclined — this)'
  line 19: unknown variable 'keeps'
  line 19: unknown reference 'keeps'
  line 19: no native function named 'keeps'
  line 19: no function named 'keeps' found in this script or imported scripts
  line 19: cannot resolve type 'keeps'
  line 19: unrecognized literal 'keeps' (expected integer, float, string, or bool)
  line 19: unresolved name 'keeps'
  line 19: argument 1 to function '--' failed to compile
  line 19: unknown variable 'keeps'
  line 19: unknown reference 'keeps'
  line 19: no native function named 'keeps'
  line 19: no function named 'keeps' found in this script or imported scripts
  line 19: cannot resolve type 'keeps'
  line 19: unrecognized literal 'keeps' (expected integer, float, string, or bool)
  line 19: unresolved name 'keeps'
  line 19: no function named '--' found in this script or imported scripts
  line 19: '.' field access expects 1 argument (object)
  line 19: '->' dereference expects 1 argument (pointer)
  line 19: cannot resolve type '(-- keeps the player's spawn from being coplanar with the rings The name is)'
  line 20: unknown variable 'seeded'
  line 20: unknown reference 'seeded'
  line 20: no native function named 'seeded'
  line 20: no function named 'seeded' found in this script or imported scripts
  line 20: cannot resolve type 'seeded'
  line 20: unrecognized literal 'seeded' (expected integer, float, string, or bool)
  line 20: unresolved name 'seeded'
  line 20: argument 1 to function '--' failed to compile
  line 20: unknown variable 'seeded'
  line 20: unknown reference 'seeded'
  line 20: no native function named 'seeded'
  line 20: no function named 'seeded' found in this script or imported scripts
  line 20: cannot resolve type 'seeded'
  line 20: unrecognized literal 'seeded' (expected integer, float, string, or bool)
  line 20: unresolved name 'seeded'
  line 20: no function named '--' found in this script or imported scripts
  line 20: '.' field access expects 1 argument (object)
  line 20: '->' dereference expects 1 argument (pointer)
  line 20: cannot resolve type '(-- seeded via Grammar_Get (NOT hardcoded) so it varies per seed (var radius ((* systemScale ((+ 1.0 (* 0.1 (Exp rng))))))) (var orbitalR ((* systemScale ((+ 0.8 (* 0.2 (Float rng))))))) (var pos ((* orbitalR (Direction rng)))) (var planet (Object_Planet (Item_PlanetType ((+ (Int rng) 8))))) ((SetPos planet) pos) ((SetScale planet) radius) ((SetName planet) (CapitalCase (Grammar_Get "$system" rng))) ((AddInterior self) planet))'
  line 22: unknown variable '---'
  line 22: unknown reference '---'
  line 22: no native function named '---'
  line 22: no function named '---' found in this script or imported scripts
  line 22: cannot resolve type '---'
  line 22: unknown variable 'Asteroid'
  line 22: unknown reference 'Asteroid'
  line 22: no native function named 'Asteroid'
  line 22: no function named 'Asteroid' found in this script or imported scripts
  line 22: unknown variable 'belt' (did you mean 'Init'?)
  line 22: unknown reference 'belt'
  line 22: no native function named 'belt' (did you mean 'Init'?)
  line 22: no function named 'belt' found in this script or imported scripts
  line 22: cannot resolve type 'belt'
  line 22: unrecognized literal 'belt' (expected integer, float, string, or bool)
  line 22: unresolved name 'belt' (did you mean 'Init'?)
  line 22: argument 3 to function '--' failed to compile
  line 22: unknown variable '---'
  line 22: unknown reference '---'
  line 22: no native function named '---'
  line 22: no function named '---' found in this script or imported scripts
  line 22: cannot resolve type '---'
  line 22: no function named '--' found in this script or imported scripts
  line 22: '.' field access expects 1 argument (object)
  line 22: '->' dereference expects 1 argument (pointer)
  line 22: cannot resolve type '(-- --- Asteroid belt (seeded, visible rock) -------------------------------)'
  line 23: unknown variable '~1000'
  line 23: unknown reference '~1000'
  line 23: no native function named '~1000'
  line 23: no function named '~1000' found in this script or imported scripts
  line 23: cannot resolve type '~1000'
  line 23: unknown variable 'rocks'
  line 23: unknown reference 'rocks'
  line 23: no native function named 'rocks'
  line 23: no function named 'rocks' found in this script or imported scripts
  line 23: cannot resolve type 'rocks'
  line 23: unrecognized literal 'rocks' (expected integer, float, string, or bool)
  line 23: unresolved name 'rocks'
  line 23: argument 2 to function '--' failed to compile
  line 23: unknown variable '~1000'
  line 23: unknown reference '~1000'
  line 23: no native function named '~1000'
  line 23: no function named '~1000' found in this script or imported scripts
  line 23: cannot resolve type '~1000'
  line 23: no function named '--' found in this script or imported scripts
  line 23: '.' field access expects 1 argument (object)
  line 23: '->' dereference expects 1 argument (pointer)
  line 23: cannot resolve type '(-- ~1000 rocks in a shell JUST outside the planet's atmosphere so the player)'
  line 24: no native function named 'who'
  line 24: unknown variable 'spawns'
  line 24: unknown reference 'spawns'
  line 24: no native function named 'spawns'
  line 24: no function named 'spawns' found in this script or imported scripts
  line 24: cannot resolve type 'spawns'
  line 24: unrecognized literal 'spawns' (expected integer, float, string, or bool)
  line 24: unresolved name 'spawns'
  line 24: no function named 'who' found in this script or imported scripts
  line 24: '.' field access expects 1 argument (object)
  line 24: '->' dereference expects 1 argument (pointer)
  line 24: cannot resolve type '(who spawns near the planet)'
  line 24: argument 1 to function '--' failed to compile
  line 24: no native function named 'who'
  line 24: unknown variable 'spawns'
  line 24: unknown reference 'spawns'
  line 24: no native function named 'spawns'
  line 24: no function named 'spawns' found in this script or imported scripts
  line 24: cannot resolve type 'spawns'
  line 24: unrecognized literal 'spawns' (expected integer, float, string, or bool)
  line 24: unresolved name 'spawns'
  line 24: no function named 'who' found in this script or imported scripts
  line 24: '.' field access expects 1 argument (object)
  line 24: '->' dereference expects 1 argument (pointer)
  line 24: cannot resolve type '(who spawns near the planet)'
  line 24: no function named '--' found in this script or imported scripts
  line 24: '.' field access expects 1 argument (object)
  line 24: '->' dereference expects 1 argument (pointer)
  line 24: cannot resolve type '(-- (who spawns near the planet) sees a real, dense belt All positions/scales)'
  line 25: unknown variable 'derive'
  line 25: unknown reference 'derive'
  line 25: no native function named 'derive'
  line 25: no function named 'derive' found in this script or imported scripts
  line 25: cannot resolve type 'derive'
  line 25: unrecognized literal 'derive' (expected integer, float, string, or bool)
  line 25: unresolved name 'derive'
  line 25: argument 1 to function '--' failed to compile
  line 25: unknown variable 'derive'
  line 25: unknown reference 'derive'
  line 25: no native function named 'derive'
  line 25: no function named 'derive' found in this script or imported scripts
  line 25: cannot resolve type 'derive'
  line 25: unrecognized literal 'derive' (expected integer, float, string, or bool)
  line 25: unresolved name 'derive'
  line 25: no function named '--' found in this script or imported scripts
  line 25: '.' field access expects 1 argument (object)
  line 25: '->' dereference expects 1 argument (pointer)
  line 25: cannot resolve type '(-- derive from `rng` (seeded) , so the same seed reproduces the same field (for i 0 (< i 10000) (++ i) (var rock (Object_Asteroid ((Int rng)))) ((SetScale rock) ((* 350.0 (Exp rng)))) (var shellR ((* radius ((+ 1.6 (* 0.7 (Float rng))))))) ((SetPos rock) ((+ pos ((* shellR (Sphere rng)))))) ((AddInterior self) rock)) (for i 0 (< i 10000) (++ i) (var rock (Object_Asteroid ((Int rng)))) ((SetScale rock) ((* 750.0 (Exp rng)))) (var shellR ((* radius ((+ 3.6 (* 0.7 (Float rng))))))) ((SetPos rock) ((+ pos ((* shellR (Sphere rng)))))) ((AddInterior self) rock)) (for i 0 (< i 10000) (++ i) (var rock (Object_Asteroid ((Int rng)))) ((SetScale rock) ((* 1050.0 (Exp rng)))) (var shellR ((* radius ((+ 5.6 (* 0.7 (Float rng))))))) ((SetPos rock) ((+ pos ((* shellR (Sphere rng)))))) ((AddInterior self) rock)) planet)'
'Icons' -- 375 compilation error(s):
  line 49: unknown variable 'icon' (did you mean 'Dot'?)
  line 49: unknown reference 'icon'
  line 49: no native function named 'icon' (did you mean 'Dot'?)
  line 49: no function named 'icon' found in this script or imported scripts
  line 49: cannot resolve type 'icon'
  line 49: unrecognized literal 'icon' (expected integer, float, string, or bool)
  line 49: unresolved name 'icon' (did you mean 'Dot'?)
  line 49: argument 1 to function '+=' failed to compile
  line 49: unknown variable 'icon' (did you mean 'Dot'?)
  line 49: unknown reference 'icon'
  line 49: no native function named 'icon' (did you mean 'Dot'?)
  line 49: no function named 'icon' found in this script or imported scripts
  line 49: cannot resolve type 'icon'
  line 49: unrecognized literal 'icon' (expected integer, float, string, or bool)
  line 49: unresolved name 'icon' (did you mean 'Dot'?)
  line 49: no function named '+=' found in this script or imported scripts
  line 49: '.' field access expects 1 argument (object)
  line 49: '->' dereference expects 1 argument (pointer)
  line 49: cannot resolve type '(+= icon (Glyph_Box (Vec2 0 0.3) (Vec2 0.15 0.6) 1 1))'
  line 49: argument 1 to function '--' failed to compile
  line 49: unknown variable 'icon' (did you mean 'Dot'?)
  line 49: unknown reference 'icon'
  line 49: no native function named 'icon' (did you mean 'Dot'?)
  line 49: no function named 'icon' found in this script or imported scripts
  line 49: cannot resolve type 'icon'
  line 49: unrecognized literal 'icon' (expected integer, float, string, or bool)
  line 49: unresolved name 'icon' (did you mean 'Dot'?)
  line 49: argument 1 to function '+=' failed to compile
  line 49: unknown variable 'icon' (did you mean 'Dot'?)
  line 49: unknown reference 'icon'
  line 49: no native function named 'icon' (did you mean 'Dot'?)
  line 49: no function named 'icon' found in this script or imported scripts
  line 49: cannot resolve type 'icon'
  line 49: unrecognized literal 'icon' (expected integer, float, string, or bool)
  line 49: unresolved name 'icon' (did you mean 'Dot'?)
  line 49: no function named '+=' found in this script or imported scripts
  line 49: '.' field access expects 1 argument (object)
  line 49: '->' dereference expects 1 argument (pointer)
  line 49: cannot resolve type '(+= icon (Glyph_Box (Vec2 0 0.3) (Vec2 0.15 0.6) 1 1))'
  line 49: no function named '--' found in this script or imported scripts
  line 49: '.' field access expects 1 argument (object)
  line 49: '->' dereference expects 1 argument (pointer)
  line 49: cannot resolve type '(-- (+= icon (Glyph_Box (Vec2 0 0.3) (Vec2 0.15 0.6) 1 1)) ((+= icon (Glyph_Circle (Vec2 -0.4 0.2) 1 1 1))) ((+= icon (Glyph_Circle (Vec2 0.4 0.2) 1 1 1))))'
  line 51: unknown variable 'icon' (did you mean 'Dot'?)
  line 51: unknown reference 'icon'
  line 51: no native function named 'icon' (did you mean 'Dot'?)
  line 51: no function named 'icon' found in this script or imported scripts
  line 51: cannot resolve type 'icon'
  line 51: unrecognized literal 'icon' (expected integer, float, string, or bool)
  line 51: unresolved name 'icon' (did you mean 'Dot'?)
  line 51: argument 1 to function '+=' failed to compile
  line 51: unknown variable 'icon' (did you mean 'Dot'?)
  line 51: unknown reference 'icon'
  line 51: no native function named 'icon' (did you mean 'Dot'?)
  line 51: no function named 'icon' found in this script or imported scripts
  line 51: cannot resolve type 'icon'
  line 51: unrecognized literal 'icon' (expected integer, float, string, or bool)
  line 51: unresolved name 'icon' (did you mean 'Dot'?)
  line 51: no function named '+=' found in this script or imported scripts
  line 51: '.' field access expects 1 argument (object)
  line 51: '->' dereference expects 1 argument (pointer)
  line 51: cannot resolve type '(+= icon (Glyph_Box (Vec2 0.4 0.05) (Vec2 0.06 0.3) 1 1))'
  line 51: argument 1 to function '--' failed to compile
  line 51: unknown variable 'icon' (did you mean 'Dot'?)
  line 51: unknown reference 'icon'
  line 51: no native function named 'icon' (did you mean 'Dot'?)
  line 51: no function named 'icon' found in this script or imported scripts
  line 51: cannot resolve type 'icon'
  line 51: unrecognized literal 'icon' (expected integer, float, string, or bool)
  line 51: unresolved name 'icon' (did you mean 'Dot'?)
  line 51: argument 1 to function '+=' failed to compile
  line 51: unknown variable 'icon' (did you mean 'Dot'?)
  line 51: unknown reference 'icon'
  line 51: no native function named 'icon' (did you mean 'Dot'?)
  line 51: no function named 'icon' found in this script or imported scripts
  line 51: cannot resolve type 'icon'
  line 51: unrecognized literal 'icon' (expected integer, float, string, or bool)
  line 51: unresolved name 'icon' (did you mean 'Dot'?)
  line 51: no function named '+=' found in this script or imported scripts
  line 51: '.' field access expects 1 argument (object)
  line 51: '->' dereference expects 1 argument (pointer)
  line 51: cannot resolve type '(+= icon (Glyph_Box (Vec2 0.4 0.05) (Vec2 0.06 0.3) 1 1))'
  line 51: no function named '--' found in this script or imported scripts
  line 51: unknown variable 'icon' (did you mean 'Dot'?)
  line 51: unknown reference 'icon'
  line 51: no native function named 'icon' (did you mean 'Dot'?)
  line 51: no function named 'icon' found in this script or imported scripts
  line 51: cannot resolve type 'icon'
  line 51: unrecognized literal 'icon' (expected integer, float, string, or bool)
  line 51: unresolved name 'icon' (did you mean 'Dot'?)
  line 51: argument 1 to function '+=' failed to compile
  line 51: unknown variable 'icon' (did you mean 'Dot'?)
  line 51: unknown reference 'icon'
  line 51: no native function named 'icon' (did you mean 'Dot'?)
  line 51: no function named 'icon' found in this script or imported scripts
  line 51: cannot resolve type 'icon'
  line 51: unrecognized literal 'icon' (expected integer, float, string, or bool)
  line 51: unresolved name 'icon' (did you mean 'Dot'?)
  line 51: no function named '+=' found in this script or imported scripts
  line 51: '.' field access expects 1 argument (object)
  line 51: '->' dereference expects 1 argument (pointer)
  line 51: cannot resolve type '(+= icon (Glyph_Box (Vec2 0.4 0.05) (Vec2 0.06 0.3) 1 1))'
  line 51: '.' -- object expression failed to compile
  line 51: unknown variable 'icon' (did you mean 'Dot'?)
  line 51: unknown reference 'icon'
  line 51: no native function named 'icon' (did you mean 'Dot'?)
  line 51: no function named 'icon' found in this script or imported scripts
  line 51: cannot resolve type 'icon'
  line 51: unrecognized literal 'icon' (expected integer, float, string, or bool)
  line 51: unresolved name 'icon' (did you mean 'Dot'?)
  line 51: argument 1 to function '+=' failed to compile
  line 51: unknown variable 'icon' (did you mean 'Dot'?)
  line 51: unknown reference 'icon'
  line 51: no native function named 'icon' (did you mean 'Dot'?)
  line 51: no function named 'icon' found in this script or imported scripts
  line 51: cannot resolve type 'icon'
  line 51: unrecognized literal 'icon' (expected integer, float, string, or bool)
  line 51: unresolved name 'icon' (did you mean 'Dot'?)
  line 51: no function named '+=' found in this script or imported scripts
  line 51: '.' field access expects 1 argument (object)
  line 51: '->' dereference expects 1 argument (pointer)
  line 51: cannot resolve type '(+= icon (Glyph_Box (Vec2 0.4 0.05) (Vec2 0.06 0.3) 1 1))'
  line 51: '->' -- pointer expression failed to compile
  line 51: cannot resolve type '(-- (+= icon (Glyph_Box (Vec2 0.4 0.05) (Vec2 0.06 0.3) 1 1)))'
  line 51: unknown type '--' for cast/conversion
  line 52: unknown variable 'icon' (did you mean 'Dot'?)
  line 52: unknown reference 'icon'
  line 52: no native function named 'icon' (did you mean 'Dot'?)
  line 52: no function named 'icon' found in this script or imported scripts
  line 52: cannot resolve type 'icon'
  line 52: unrecognized literal 'icon' (expected integer, float, string, or bool)
  line 52: unresolved name 'icon' (did you mean 'Dot'?)
  line 52: argument 1 to function '+=' failed to compile
  line 52: unknown variable 'icon' (did you mean 'Dot'?)
  line 52: unknown reference 'icon'
  line 52: no native function named 'icon' (did you mean 'Dot'?)
  line 52: no function named 'icon' found in this script or imported scripts
  line 52: cannot resolve type 'icon'
  line 52: unrecognized literal 'icon' (expected integer, float, string, or bool)
  line 52: unresolved name 'icon' (did you mean 'Dot'?)
  line 52: no function named '+=' found in this script or imported scripts
  line 52: '.' field access expects 1 argument (object)
  line 52: '->' dereference expects 1 argument (pointer)
  line 52: cannot resolve type '(+= icon (Glyph_Box (Vec2 -0.4 0.05) (Vec2 0.06 0.3) 1 1))'
  line 52: argument 1 to function '--' failed to compile
  line 52: unknown variable 'icon' (did you mean 'Dot'?)
  line 52: unknown reference 'icon'
  line 52: no native function named 'icon' (did you mean 'Dot'?)
  line 52: no function named 'icon' found in this script or imported scripts
  line 52: cannot resolve type 'icon'
  line 52: unrecognized literal 'icon' (expected integer, float, string, or bool)
  line 52: unresolved name 'icon' (did you mean 'Dot'?)
  line 52: argument 1 to function '+=' failed to compile
  line 52: unknown variable 'icon' (did you mean 'Dot'?)
  line 52: unknown reference 'icon'
  line 52: no native function named 'icon' (did you mean 'Dot'?)
  line 52: no function named 'icon' found in this script or imported scripts
  line 52: cannot resolve type 'icon'
  line 52: unrecognized literal 'icon' (expected integer, float, string, or bool)
  line 52: unresolved name 'icon' (did you mean 'Dot'?)
  line 52: no function named '+=' found in this script or imported scripts
  line 52: '.' field access expects 1 argument (object)
  line 52: '->' dereference expects 1 argument (pointer)
  line 52: cannot resolve type '(+= icon (Glyph_Box (Vec2 -0.4 0.05) (Vec2 0.06 0.3) 1 1))'
  line 52: no function named '--' found in this script or imported scripts
  line 52: '.' field access expects 1 argument (object)
  line 52: '->' dereference expects 1 argument (pointer)
  line 52: cannot resolve type '(-- (+= icon (Glyph_Box (Vec2 -0.4 0.05) (Vec2 0.06 0.3) 1 1)) ((Transform icon) 0 1.25) icon)'
  line 54: unknown variable 'self' (did you mean 'Gear'?)
  line 54: unknown reference 'self'
  line 54: no native function named 'self' (did you mean 'Gear'?)
  line 54: no function named 'self' found in this script or imported scripts
  line 54: cannot resolve type 'self'
  line 54: unrecognized literal 'self' (expected integer, float, string, or bool)
  line 54: unresolved name 'self' (did you mean 'Gear'?)
  line 74: unknown variable 'icon' (did you mean 'Dot'?)
  line 74: unknown reference 'icon'
  line 74: no native function named 'icon' (did you mean 'Dot'?)
  line 74: no function named 'icon' found in this script or imported scripts
  line 74: cannot resolve type 'icon'
  line 74: unrecognized literal 'icon' (expected integer, float, string, or bool)
  line 74: unresolved name 'icon' (did you mean 'Dot'?)
  line 74: argument 1 to function '+=' failed to compile
  line 74: unknown variable 'icon' (did you mean 'Dot'?)
  line 74: unknown reference 'icon'
  line 74: no native function named 'icon' (did you mean 'Dot'?)
  line 74: no function named 'icon' found in this script or imported scripts
  line 74: cannot resolve type 'icon'
  line 74: unrecognized literal 'icon' (expected integer, float, string, or bool)
  line 74: unresolved name 'icon' (did you mean 'Dot'?)
  line 74: no function named '+=' found in this script or imported scripts
  line 74: '.' field access expects 1 argument (object)
  line 74: '->' dereference expects 1 argument (pointer)
  line 74: cannot resolve type '(+= icon (Glyph_LineFade (Vec2 0.8 -0.5) (Vec2 0.3 -0.2) 1 1))'
  line 74: argument 1 to function '--' failed to compile
  line 74: unknown variable 'icon' (did you mean 'Dot'?)
  line 74: unknown reference 'icon'
  line 74: no native function named 'icon' (did you mean 'Dot'?)
  line 74: no function named 'icon' found in this script or imported scripts
  line 74: cannot resolve type 'icon'
  line 74: unrecognized literal 'icon' (expected integer, float, string, or bool)
  line 74: unresolved name 'icon' (did you mean 'Dot'?)
  line 74: argument 1 to function '+=' failed to compile
  line 74: unknown variable 'icon' (did you mean 'Dot'?)
  line 74: unknown reference 'icon'
  line 74: no native function named 'icon' (did you mean 'Dot'?)
  line 74: no function named 'icon' found in this script or imported scripts
  line 74: cannot resolve type 'icon'
  line 74: unrecognized literal 'icon' (expected integer, float, string, or bool)
  line 74: unresolved name 'icon' (did you mean 'Dot'?)
  line 74: no function named '+=' found in this script or imported scripts
  line 74: '.' field access expects 1 argument (object)
  line 74: '->' dereference expects 1 argument (pointer)
  line 74: cannot resolve type '(+= icon (Glyph_LineFade (Vec2 0.8 -0.5) (Vec2 0.3 -0.2) 1 1))'
  line 74: no function named '--' found in this script or imported scripts
  line 74: unknown variable 'icon' (did you mean 'Dot'?)
  line 74: unknown reference 'icon'
  line 74: no native function named 'icon' (did you mean 'Dot'?)
  line 74: no function named 'icon' found in this script or imported scripts
  line 74: cannot resolve type 'icon'
  line 74: unrecognized literal 'icon' (expected integer, float, string, or bool)
  line 74: unresolved name 'icon' (did you mean 'Dot'?)
  line 74: argument 1 to function '+=' failed to compile
  line 74: unknown variable 'icon' (did you mean 'Dot'?)
  line 74: unknown reference 'icon'
  line 74: no native function named 'icon' (did you mean 'Dot'?)
  line 74: no function named 'icon' found in this script or imported scripts
  line 74: cannot resolve type 'icon'
  line 74: unrecognized literal 'icon' (expected integer, float, string, or bool)
  line 74: unresolved name 'icon' (did you mean 'Dot'?)
  line 74: no function named '+=' found in this script or imported scripts
  line 74: '.' field access expects 1 argument (object)
  line 74: '->' dereference expects 1 argument (pointer)
  line 74: cannot resolve type '(+= icon (Glyph_LineFade (Vec2 0.8 -0.5) (Vec2 0.3 -0.2) 1 1))'
  line 74: '.' -- object expression failed to compile
  line 74: unknown variable 'icon' (did you mean 'Dot'?)
  line 74: unknown reference 'icon'
  line 74: no native function named 'icon' (did you mean 'Dot'?)
  line 74: no function named 'icon' found in this script or imported scripts
  line 74: cannot resolve type 'icon'
  line 74: unrecognized literal 'icon' (expected integer, float, string, or bool)
  line 74: unresolved name 'icon' (did you mean 'Dot'?)
  line 74: argument 1 to function '+=' failed to compile
  line 74: unknown variable 'icon' (did you mean 'Dot'?)
  line 74: unknown reference 'icon'
  line 74: no native function named 'icon' (did you mean 'Dot'?)
  line 74: no function named 'icon' found in this script or imported scripts
  line 74: cannot resolve type 'icon'
  line 74: unrecognized literal 'icon' (expected integer, float, string, or bool)
  line 74: unresolved name 'icon' (did you mean 'Dot'?)
  line 74: no function named '+=' found in this script or imported scripts
  line 74: '.' field access expects 1 argument (object)
  line 74: '->' dereference expects 1 argument (pointer)
  line 74: cannot resolve type '(+= icon (Glyph_LineFade (Vec2 0.8 -0.5) (Vec2 0.3 -0.2) 1 1))'
  line 74: '->' -- pointer expression failed to compile
  line 74: cannot resolve type '(-- (+= icon (Glyph_LineFade (Vec2 0.8 -0.5) (Vec2 0.3 -0.2) 1 1)))'
  line 74: unknown type '--' for cast/conversion
  line 75: unknown variable 'icon' (did you mean 'Dot'?)
  line 75: unknown reference 'icon'
  line 75: no native function named 'icon' (did you mean 'Dot'?)
  line 75: no function named 'icon' found in this script or imported scripts
  line 75: cannot resolve type 'icon'
  line 75: unrecognized literal 'icon' (expected integer, float, string, or bool)
  line 75: unresolved name 'icon' (did you mean 'Dot'?)
  line 75: argument 1 to function '+=' failed to compile
  line 75: unknown variable 'icon' (did you mean 'Dot'?)
  line 75: unknown reference 'icon'
  line 75: no native function named 'icon' (did you mean 'Dot'?)
  line 75: no function named 'icon' found in this script or imported scripts
  line 75: cannot resolve type 'icon'
  line 75: unrecognized literal 'icon' (expected integer, float, string, or bool)
  line 75: unresolved name 'icon' (did you mean 'Dot'?)
  line 75: no function named '+=' found in this script or imported scripts
  line 75: '.' field access expects 1 argument (object)
  line 75: '->' dereference expects 1 argument (pointer)
  line 75: cannot resolve type '(+= icon (Glyph_LineFade (Vec2 -0.8 0.5) (Vec2 -0.3 0.2) 1 1))'
  line 75: argument 1 to function '--' failed to compile
  line 75: unknown variable 'icon' (did you mean 'Dot'?)
  line 75: unknown reference 'icon'
  line 75: no native function named 'icon' (did you mean 'Dot'?)
  line 75: no function named 'icon' found in this script or imported scripts
  line 75: cannot resolve type 'icon'
  line 75: unrecognized literal 'icon' (expected integer, float, string, or bool)
  line 75: unresolved name 'icon' (did you mean 'Dot'?)
  line 75: argument 1 to function '+=' failed to compile
  line 75: unknown variable 'icon' (did you mean 'Dot'?)
  line 75: unknown reference 'icon'
  line 75: no native function named 'icon' (did you mean 'Dot'?)
  line 75: no function named 'icon' found in this script or imported scripts
  line 75: cannot resolve type 'icon'
  line 75: unrecognized literal 'icon' (expected integer, float, string, or bool)
  line 75: unresolved name 'icon' (did you mean 'Dot'?)
  line 75: no function named '+=' found in this script or imported scripts
  line 75: '.' field access expects 1 argument (object)
  line 75: '->' dereference expects 1 argument (pointer)
  line 75: cannot resolve type '(+= icon (Glyph_LineFade (Vec2 -0.8 0.5) (Vec2 -0.3 0.2) 1 1))'
  line 75: no function named '--' found in this script or imported scripts
  line 75: unknown variable 'icon' (did you mean 'Dot'?)
  line 75: unknown reference 'icon'
  line 75: no native function named 'icon' (did you mean 'Dot'?)
  line 75: no function named 'icon' found in this script or imported scripts
  line 75: cannot resolve type 'icon'
  line 75: unrecognized literal 'icon' (expected integer, float, string, or bool)
  line 75: unresolved name 'icon' (did you mean 'Dot'?)
  line 75: argument 1 to function '+=' failed to compile
  line 75: unknown variable 'icon' (did you mean 'Dot'?)
  line 75: unknown reference 'icon'
  line 75: no native function named 'icon' (did you mean 'Dot'?)
  line 75: no function named 'icon' found in this script or imported scripts
  line 75: cannot resolve type 'icon'
  line 75: unrecognized literal 'icon' (expected integer, float, string, or bool)
  line 75: unresolved name 'icon' (did you mean 'Dot'?)
  line 75: no function named '+=' found in this script or imported scripts
  line 75: '.' field access expects 1 argument (object)
  line 75: '->' dereference expects 1 argument (pointer)
  line 75: cannot resolve type '(+= icon (Glyph_LineFade (Vec2 -0.8 0.5) (Vec2 -0.3 0.2) 1 1))'
  line 75: '.' -- object expression failed to compile
  line 75: unknown variable 'icon' (did you mean 'Dot'?)
  line 75: unknown reference 'icon'
  line 75: no native function named 'icon' (did you mean 'Dot'?)
  line 75: no function named 'icon' found in this script or imported scripts
  line 75: cannot resolve type 'icon'
  line 75: unrecognized literal 'icon' (expected integer, float, string, or bool)
  line 75: unresolved name 'icon' (did you mean 'Dot'?)
  line 75: argument 1 to function '+=' failed to compile
  line 75: unknown variable 'icon' (did you mean 'Dot'?)
  line 75: unknown reference 'icon'
  line 75: no native function named 'icon' (did you mean 'Dot'?)
  line 75: no function named 'icon' found in this script or imported scripts
  line 75: cannot resolve type 'icon'
  line 75: unrecognized literal 'icon' (expected integer, float, string, or bool)
  line 75: unresolved name 'icon' (did you mean 'Dot'?)
  line 75: no function named '+=' found in this script or imported scripts
  line 75: '.' field access expects 1 argument (object)
  line 75: '->' dereference expects 1 argument (pointer)
  line 75: cannot resolve type '(+= icon (Glyph_LineFade (Vec2 -0.8 0.5) (Vec2 -0.3 0.2) 1 1))'
  line 75: '->' -- pointer expression failed to compile
  line 75: cannot resolve type '(-- (+= icon (Glyph_LineFade (Vec2 -0.8 0.5) (Vec2 -0.3 0.2) 1 1)))'
  line 75: unknown type '--' for cast/conversion
  no native function named '' (did you mean 'Dot'?)
  no native function named '' (did you mean 'Dot'?)
  no function named '' found in this script or imported scripts
  '.' field access expects 1 argument (object)
  '->' dereference expects 1 argument (pointer)
  cannot resolve type '((+= icon (Glyph_LineFade (Vec2 0.0 0.3) (Vec2 0.0 -0.2) 2 1)))'
  line 79: unknown variable 'icon' (did you mean 'Dot'?)
  line 79: unknown reference 'icon'
  line 79: no native function named 'icon' (did you mean 'Dot'?)
  line 79: no function named 'icon' found in this script or imported scripts
  line 79: cannot resolve type 'icon'
  line 79: unrecognized literal 'icon' (expected integer, float, string, or bool)
  line 79: unresolved name 'icon' (did you mean 'Dot'?)
  line 79: argument 1 to function '+=' failed to compile
  line 79: unknown variable 'icon' (did you mean 'Dot'?)
  line 79: unknown reference 'icon'
  line 79: no native function named 'icon' (did you mean 'Dot'?)
  line 79: no function named 'icon' found in this script or imported scripts
  line 79: cannot resolve type 'icon'
  line 79: unrecognized literal 'icon' (expected integer, float, string, or bool)
  line 79: unresolved name 'icon' (did you mean 'Dot'?)
  line 79: no function named '+=' found in this script or imported scripts
  line 79: '.' field access expects 1 argument (object)
  line 79: '->' dereference expects 1 argument (pointer)
  line 79: cannot resolve type '(+= icon (Glyph_LineFade (Vec2 0.0 0.3) (Vec2 0.0 -0.2) 2 1))'
  no function named '' found in this script or imported scripts
  '.' field access expects 1 argument (object)
  '->' dereference expects 1 argument (pointer)
  cannot resolve type '((+= icon (Glyph_LineFade (Vec2 -0.3 0.3) (Vec2 -0.3 0.0) 2 1)) ((+= icon (Glyph_LineFade (Vec2 0.0 0.3) (Vec2 0.0 -0.2) 2 1))) ((+= icon (Glyph_LineFade (Vec2 0.3 0.3) (Vec2 0.3 -0.4) 2 1))) icon)'
  line 79: unknown variable 'self' (did you mean 'Gear'?)
  line 79: unknown reference 'self'
  line 79: no native function named 'self' (did you mean 'Gear'?)
  line 79: no function named 'self' found in this script or imported scripts
  line 79: cannot resolve type 'self'
  line 79: unrecognized literal 'self' (expected integer, float, string, or bool)
  line 79: unresolved name 'self' (did you mean 'Gear'?)
'Widget/Component/Draggable' -- 68 compilation error(s):
  line 5: unknown variable 'pos'
  line 5: unknown reference 'pos'
  line 5: no native function named 'pos'
  line 5: no function named 'pos' found in this script or imported scripts
  line 5: cannot resolve type 'pos'
  line 5: unrecognized literal 'pos' (expected integer, float, string, or bool)
  line 5: unresolved name 'pos'
  line 5: argument 1 to function '--' failed to compile
  line 5: unknown variable 'pos'
  line 5: unknown reference 'pos'
  line 5: no native function named 'pos'
  line 5: no function named 'pos' found in this script or imported scripts
  line 5: cannot resolve type 'pos'
  line 5: unrecognized literal 'pos' (expected integer, float, string, or bool)
  line 5: unresolved name 'pos'
  line 5: no function named '--' found in this script or imported scripts
  line 5: unknown variable 'pos'
  line 5: unknown reference 'pos'
  line 5: no native function named 'pos'
  line 5: no function named 'pos' found in this script or imported scripts
  line 5: cannot resolve type 'pos'
  line 5: unrecognized literal 'pos' (expected integer, float, string, or bool)
  line 5: unresolved name 'pos'
  line 5: '.' -- object expression failed to compile
  line 5: unknown variable 'pos'
  line 5: unknown reference 'pos'
  line 5: no native function named 'pos'
  line 5: no function named 'pos' found in this script or imported scripts
  line 5: cannot resolve type 'pos'
  line 5: unrecognized literal 'pos' (expected integer, float, string, or bool)
  line 5: unresolved name 'pos'
  line 5: '->' -- pointer expression failed to compile
  line 5: cannot resolve type '(-- (= pos (Max pos (Vec2 0))))'
  line 5: unknown type '--' for cast/conversion
  line 6: unknown variable 'pos'
  line 6: unknown reference 'pos'
  line 6: no native function named 'pos'
  line 6: no function named 'pos' found in this script or imported scripts
  line 6: cannot resolve type 'pos'
  line 6: unrecognized literal 'pos' (expected integer, float, string, or bool)
  line 6: unresolved name 'pos'
  line 6: argument 1 to function '--' failed to compile
  line 6: unknown variable 'pos'
  line 6: unknown reference 'pos'
  line 6: no native function named 'pos'
  line 6: no function named 'pos' found in this script or imported scripts
  line 6: cannot resolve type 'pos'
  line 6: unrecognized literal 'pos' (expected integer, float, string, or bool)
  line 6: unresolved name 'pos'
  line 6: no function named '--' found in this script or imported scripts
  line 6: unknown variable 'pos'
  line 6: unknown reference 'pos'
  line 6: no native function named 'pos'
  line 6: no function named 'pos' found in this script or imported scripts
  line 6: cannot resolve type 'pos'
  line 6: unrecognized literal 'pos' (expected integer, float, string, or bool)
  line 6: unresolved name 'pos'
  line 6: '.' -- object expression failed to compile
  line 6: unknown variable 'pos'
  line 6: unknown reference 'pos'
  line 6: no native function named 'pos'
  line 6: no function named 'pos' found in this script or imported scripts
  line 6: cannot resolve type 'pos'
  line 6: unrecognized literal 'pos' (expected integer, float, string, or bool)
  line 6: unresolved name 'pos'
  line 6: '->' -- pointer expression failed to compile
  line 6: cannot resolve type '(-- (= pos (Min pos ((- (maxSize self) pos)))))'
  line 6: unknown type '--' for cast/conversion
'Widget/Handling' -- 784 compilation error(s):
  unknown variable 'self'
  unknown reference 'self'
  no native function named 'self'
  no function named 'self' found in this script or imported scripts
  cannot resolve type 'self'
  unrecognized literal 'self' (expected integer, float, string, or bool)
  unresolved name 'self'
  argument 1 to function 'Broadcast' failed to compile
  unknown variable 'self'
  unknown reference 'self'
  no native function named 'self'
  no function named 'self' found in this script or imported scripts
  cannot resolve type 'self'
  unrecognized literal 'self' (expected integer, float, string, or bool)
  unresolved name 'self'
  no function named 'Broadcast' found in this script or imported scripts
  unknown variable 'self'
  unknown reference 'self'
  no native function named 'self'
  no function named 'self' found in this script or imported scripts
  cannot resolve type 'self'
  unrecognized literal 'self' (expected integer, float, string, or bool)
  unresolved name 'self'
  '.' -- object expression failed to compile
  unknown variable 'self'
  unknown reference 'self'
  no native function named 'self'
  no function named 'self' found in this script or imported scripts
  cannot resolve type 'self'
  unrecognized literal 'self' (expected integer, float, string, or bool)
  unresolved name 'self'
  '->' -- pointer expression failed to compile
  cannot resolve type '(Broadcast self)'
  unknown type 'Broadcast' for cast/conversion
  line 13: argument 1 to function '--' failed to compile
  unknown variable 'self'
  unknown reference 'self'
  no native function named 'self'
  no function named 'self' found in this script or imported scripts
  cannot resolve type 'self'
  unrecognized literal 'self' (expected integer, float, string, or bool)
  unresolved name 'self'
  argument 1 to function 'Broadcast' failed to compile
  unknown variable 'self'
  unknown reference 'self'
  no native function named 'self'
  no function named 'self' found in this script or imported scripts
  cannot resolve type 'self'
  unrecognized literal 'self' (expected integer, float, string, or bool)
  unresolved name 'self'
  no function named 'Broadcast' found in this script or imported scripts
  unknown variable 'self'
  unknown reference 'self'
  no native function named 'self'
  no function named 'self' found in this script or imported scripts
  cannot resolve type 'self'
  unrecognized literal 'self' (expected integer, float, string, or bool)
  unresolved name 'self'
  '.' -- object expression failed to compile
  unknown variable 'self'
  unknown reference 'self'
  no native function named 'self'
  no function named 'self' found in this script or imported scripts
  cannot resolve type 'self'
  unrecognized literal 'self' (expected integer, float, string, or bool)
  unresolved name 'self'
  '->' -- pointer expression failed to compile
  cannot resolve type '(Broadcast self)'
  unknown type 'Broadcast' for cast/conversion
  line 13: no function named '--' found in this script or imported scripts
  line 13: '.' field access expects 1 argument (object)
  line 13: '->' dereference expects 1 argument (pointer)
  line 13: cannot resolve type '(-- (Broadcast self) (MessageThrustAngular torque (Length torque)) ((SetLook self) (Mix (GetLook self) look (- 1.0 (ExpDecay dt 0.5)))))'
  line 17: unknown variable 'Camera_Get'
  line 17: unknown reference 'Camera_Get'
  line 18: unknown variable 'target'
  line 18: unknown reference 'target'
  line 18: no native function named 'target'
  line 18: no function named 'target' found in this script or imported scripts
  line 18: cannot resolve type 'target'
  line 18: unrecognized literal 'target' (expected integer, float, string, or bool)
  line 18: unresolved name 'target'
  argument 2 to function 'SetTarget' failed to compile
  no function named 'SetTarget' found in this script or imported scripts
  line 18: unknown variable 'target'
  line 18: unknown reference 'target'
  line 18: no native function named 'target'
  line 18: no function named 'target' found in this script or imported scripts
  line 18: cannot resolve type 'target'
  line 18: unrecognized literal 'target' (expected integer, float, string, or bool)
  line 18: unresolved name 'target'
  '.' -- object expression failed to compile
  line 18: unknown variable 'target'
  line 18: unknown reference 'target'
  line 18: no native function named 'target'
  line 18: no function named 'target' found in this script or imported scripts
  line 18: cannot resolve type 'target'
  line 18: unrecognized literal 'target' (expected integer, float, string, or bool)
  line 18: unresolved name 'target'
  '->' -- pointer expression failed to compile
  cannot resolve type '((SetTarget cam) target)'
  unknown type '(SetTarget cam)' for cast/conversion
  unknown variable 'target'
  unknown reference 'target'
  no native function named 'target'
  no function named 'target' found in this script or imported scripts
  cannot resolve type 'target'
  unrecognized literal 'target' (expected integer, float, string, or bool)
  unresolved name 'target'
  argument 1 to function 'GetPos' failed to compile
  unknown variable 'target'
  unknown reference 'target'
  no native function named 'target'
  no function named 'target' found in this script or imported scripts
  cannot resolve type 'target'
  unrecognized literal 'target' (expected integer, float, string, or bool)
  unresolved name 'target'
  no function named 'GetPos' found in this script or imported scripts
  unknown variable 'target'
  unknown reference 'target'
  no native function named 'target'
  no function named 'target' found in this script or imported scripts
  cannot resolve type 'target'
  unrecognized literal 'target' (expected integer, float, string, or bool)
  unresolved name 'target'
  '.' -- object expression failed to compile
  unknown variable 'target'
  unknown reference 'target'
  no native function named 'target'
  no function named 'target' found in this script or imported scripts
  cannot resolve type 'target'
  unrecognized literal 'target' (expected integer, float, string, or bool)
  unresolved name 'target'
  '->' -- pointer expression failed to compile
  cannot resolve type '(GetPos target)'
  unknown type 'GetPos' for cast/conversion
  line 21: unknown variable 'distance'
  line 21: unknown reference 'distance'
  line 21: no native function named 'distance'
  line 21: no function named 'distance' found in this script or imported scripts
  line 21: cannot resolve type 'distance'
  line 21: unrecognized literal 'distance' (expected integer, float, string, or bool)
  line 21: unresolved name 'distance'
  line 21: argument 1 to function '*' failed to compile
  line 21: unknown variable 'distance'
  line 21: unknown reference 'distance'
  line 21: no native function named 'distance'
  line 21: no function named 'distance' found in this script or imported scripts
  line 21: cannot resolve type 'distance'
  line 21: unrecognized literal 'distance' (expected integer, float, string, or bool)
  line 21: unresolved name 'distance'
  line 21: no function named '*' found in this script or imported scripts
  line 21: '.' field access expects 1 argument (object)
  line 21: '->' dereference expects 1 argument (pointer)
  line 21: cannot resolve type '(* distance (GetRadius target))'
  unknown variable 'target'
  unknown reference 'target'
  no native function named 'target'
  no function named 'target' found in this script or imported scripts
  cannot resolve type 'target'
  unrecognized literal 'target' (expected integer, float, string, or bool)
  unresolved name 'target'
  argument 1 to function 'GetPos' failed to compile
  unknown variable 'target'
  unknown reference 'target'
  no native function named 'target'
  no function named 'target' found in this script or imported scripts
  cannot resolve type 'target'
  unrecognized literal 'target' (expected integer, float, string, or bool)
  unresolved name 'target'
  no function named 'GetPos' found in this script or imported scripts
  unknown variable 'target'
  unknown reference 'target'
  no native function named 'target'
  no function named 'target' found in this script or imported scripts
  cannot resolve type 'target'
  unrecognized literal 'target' (expected integer, float, string, or bool)
  unresolved name 'target'
  '.' -- object expression failed to compile
  unknown variable 'target'
  unknown reference 'target'
  no native function named 'target'
  no function named 'target' found in this script or imported scripts
  cannot resolve type 'target'
  unrecognized literal 'target' (expected integer, float, string, or bool)
  unresolved name 'target'
  '->' -- pointer expression failed to compile
  cannot resolve type '(GetPos target)'
  unknown type 'GetPos' for cast/conversion
  line 26: unknown variable 'distance'
  line 26: unknown reference 'distance'
  line 26: no native function named 'distance'
  line 26: no function named 'distance' found in this script or imported scripts
  line 26: cannot resolve type 'distance'
  line 26: unrecognized literal 'distance' (expected integer, float, string, or bool)
  line 26: unresolved name 'distance'
  line 26: argument 1 to function '<' failed to compile
  line 26: unknown variable 'distance'
  line 26: unknown reference 'distance'
  line 26: no native function named 'distance'
  line 26: no function named 'distance' found in this script or imported scripts
  line 26: cannot resolve type 'distance'
  line 26: unrecognized literal 'distance' (expected integer, float, string, or bool)
  line 26: unresolved name 'distance'
  line 26: no function named '<' found in this script or imported scripts
  line 26: '.' field access expects 1 argument (object)
  line 26: '->' dereference expects 1 argument (pointer)
  line 26: cannot resolve type '(< distance 1.5)'
  'switch' case predicate failed to compile
  line 30: unknown variable '0' (did you mean 'cam'?)
  line 30: unknown reference '0' (did you mean 'cam'?)
  line 30: no native function named '0'
  line 30: no function named '0' found in this script or imported scripts
  line 30: cannot resolve type '0'
  line 30: unknown variable '0' (did you mean 'cam'?)
  line 30: unknown reference '0' (did you mean 'cam'?)
  line 30: no native function named '0'
  line 30: no function named '0' found in this script or imported scripts
  line 30: cannot resolve type '0'
  line 30: unknown variable '0' (did you mean 'cam'?)
  line 30: unknown reference '0' (did you mean 'cam'?)
  line 30: no native function named '0'
  line 30: no function named '0' found in this script or imported scripts
  line 30: cannot resolve type '0'
  line 30: unknown variable 'look'
  line 30: unknown reference 'look'
  line 30: no native function named 'look'
  line 30: no function named 'look' found in this script or imported scripts
  line 30: cannot resolve type 'look'
  line 30: unrecognized literal 'look' (expected integer, float, string, or bool)
  line 30: unresolved name 'look'
  line 30: argument 2 to function 'Transform_LookUp' failed to compile
  line 30: unknown variable '0' (did you mean 'cam'?)
  line 30: unknown reference '0' (did you mean 'cam'?)
  line 30: no native function named '0'
  line 30: no function named '0' found in this script or imported scripts
  line 30: cannot resolve type '0'
  line 30: unknown variable '0' (did you mean 'cam'?)
  line 30: unknown reference '0' (did you mean 'cam'?)
  line 30: no native function named '0'
  line 30: no function named '0' found in this script or imported scripts
  line 30: cannot resolve type '0'
  line 30: unknown variable '0' (did you mean 'cam'?)
  line 30: unknown reference '0' (did you mean 'cam'?)
  line 30: no native function named '0'
  line 30: no function named '0' found in this script or imported scripts
  line 30: cannot resolve type '0'
  line 30: no function named 'Transform_LookUp' found in this script or imported scripts
  line 30: '.' field access expects 1 argument (object)
  line 30: '->' dereference expects 1 argument (pointer)
  line 30: cannot resolve type '(Transform_LookUp (Vec3d 0 0 0) look up)'
  no native function named 'right'
  unknown variable 't' (did you mean 'cam'?)
  unknown reference 't' (did you mean 'cam'?)
  no native function named 't'
  no function named 't' found in this script or imported scripts
  cannot resolve type 't'
  unrecognized literal 't' (expected integer, float, string, or bool)
  unresolved name 't' (did you mean 'cam'?)
  no function named 'right' found in this script or imported scripts
  unknown variable 't' (did you mean 'cam'?)
  unknown reference 't' (did you mean 'cam'?)
  no native function named 't'
  no function named 't' found in this script or imported scripts
  cannot resolve type 't'
  unrecognized literal 't' (expected integer, float, string, or bool)
  unresolved name 't' (did you mean 'cam'?)
  '.' -- object expression failed to compile
  unknown variable 't' (did you mean 'cam'?)
  unknown reference 't' (did you mean 'cam'?)
  no native function named 't'
  no function named 't' found in this script or imported scripts
  cannot resolve type 't'
  unrecognized literal 't' (expected integer, float, string, or bool)
  unresolved name 't' (did you mean 'cam'?)
  '->' -- pointer expression failed to compile
  cannot resolve type '(right t)'
  unknown type 'right' for cast/conversion
  line 31: argument 1 to function 'Dot' failed to compile
  no native function named 'right'
  unknown variable 't' (did you mean 'cam'?)
  unknown reference 't' (did you mean 'cam'?)
  no native function named 't'
  no function named 't' found in this script or imported scripts
  cannot resolve type 't'
  unrecognized literal 't' (expected integer, float, string, or bool)
  unresolved name 't' (did you mean 'cam'?)
  no function named 'right' found in this script or imported scripts
  unknown variable 't' (did you mean 'cam'?)
  unknown reference 't' (did you mean 'cam'?)
  no native function named 't'
  no function named 't' found in this script or imported scripts
  cannot resolve type 't'
  unrecognized literal 't' (expected integer, float, string, or bool)
  unresolved name 't' (did you mean 'cam'?)
  '.' -- object expression failed to compile
  unknown variable 't' (did you mean 'cam'?)
  unknown reference 't' (did you mean 'cam'?)
  no native function named 't'
  no function named 't' found in this script or imported scripts
  cannot resolve type 't'
  unrecognized literal 't' (expected integer, float, string, or bool)
  unresolved name 't' (did you mean 'cam'?)
  '->' -- pointer expression failed to compile
  cannot resolve type '(right t)'
  unknown type 'right' for cast/conversion
  line 31: no function named 'Dot' found in this script or imported scripts
  line 31: '.' field access expects 1 argument (object)
  line 31: '->' dereference expects 1 argument (pointer)
  line 31: cannot resolve type '(Dot (right t) (GetLook target))'
  no native function named 'up'
  unknown variable 't' (did you mean 'cam'?)
  unknown reference 't' (did you mean 'cam'?)
  no native function named 't'
  no function named 't' found in this script or imported scripts
  cannot resolve type 't'
  unrecognized literal 't' (expected integer, float, string, or bool)
  unresolved name 't' (did you mean 'cam'?)
  no function named 'up' found in this script or imported scripts
  unknown variable 't' (did you mean 'cam'?)
  unknown reference 't' (did you mean 'cam'?)
  no native function named 't'
  no function named 't' found in this script or imported scripts
  cannot resolve type 't'
  unrecognized literal 't' (expected integer, float, string, or bool)
  unresolved name 't' (did you mean 'cam'?)
  '.' -- object expression failed to compile
  unknown variable 't' (did you mean 'cam'?)
  unknown reference 't' (did you mean 'cam'?)
  no native function named 't'
  no function named 't' found in this script or imported scripts
  cannot resolve type 't'
  unrecognized literal 't' (expected integer, float, string, or bool)
  unresolved name 't' (did you mean 'cam'?)
  '->' -- pointer expression failed to compile
  cannot resolve type '(up t)'
  unknown type 'up' for cast/conversion
  line 32: argument 1 to function 'Dot' failed to compile
  no native function named 'up'
  unknown variable 't' (did you mean 'cam'?)
  unknown reference 't' (did you mean 'cam'?)
  no native function named 't'
  no function named 't' found in this script or imported scripts
  cannot resolve type 't'
  unrecognized literal 't' (expected integer, float, string, or bool)
  unresolved name 't' (did you mean 'cam'?)
  no function named 'up' found in this script or imported scripts
  unknown variable 't' (did you mean 'cam'?)
  unknown reference 't' (did you mean 'cam'?)
  no native function named 't'
  no function named 't' found in this script or imported scripts
  cannot resolve type 't'
  unrecognized literal 't' (expected integer, float, string, or bool)
  unresolved name 't' (did you mean 'cam'?)
  '.' -- object expression failed to compile
  unknown variable 't' (did you mean 'cam'?)
  unknown reference 't' (did you mean 'cam'?)
  no native function named 't'
  no function named 't' found in this script or imported scripts
  cannot resolve type 't'
  unrecognized literal 't' (expected integer, float, string, or bool)
  unresolved name 't' (did you mean 'cam'?)
  '->' -- pointer expression failed to compile
  cannot resolve type '(up t)'
  unknown type 'up' for cast/conversion
  line 32: no function named 'Dot' found in this script or imported scripts
  line 32: '.' field access expects 1 argument (object)
  line 32: '->' dereference expects 1 argument (pointer)
  line 32: cannot resolve type '(Dot (up t) (GetLook target))'
  line 34: unknown variable 'look'
  line 34: unknown reference 'look'
  line 34: no native function named 'look'
  line 34: no function named 'look' found in this script or imported scripts
  line 34: cannot resolve type 'look'
  line 34: unrecognized literal 'look' (expected integer, float, string, or bool)
  line 34: unresolved name 'look'
  line 34: argument 1 to function '+' failed to compile
  line 34: unknown variable 'look'
  line 34: unknown reference 'look'
  line 34: no native function named 'look'
  line 34: no function named 'look' found in this script or imported scripts
  line 34: cannot resolve type 'look'
  line 34: unrecognized literal 'look' (expected integer, float, string, or bool)
  line 34: unresolved name 'look'
  line 34: no function named '+' found in this script or imported scripts
  line 34: '.' field access expects 1 argument (object)
  line 34: '->' dereference expects 1 argument (pointer)
  line 34: cannot resolve type '(+ look (* r (right t)))'
  no native function named ''
  no function named '' found in this script or imported scripts
  '.' field access expects 1 argument (object)
  '->' dereference expects 1 argument (pointer)
  cannot resolve type '((= dir (Normalize dir)))'
  line 35: unknown variable 'dir' (did you mean 'cam'?)
  line 35: unknown reference 'dir' (did you mean 'cam'?)
  line 35: no native function named 'dir'
  line 35: no function named 'dir' found in this script or imported scripts
  line 35: cannot resolve type 'dir'
  line 35: unrecognized literal 'dir' (expected integer, float, string, or bool)
  line 35: unresolved name 'dir' (did you mean 'cam'?)
  line 24: 'switch' has no compiled case expressions
  line 19: 'var' used in a scope that does not support variable binding (e.g. inside a function call argument)
  line 17: argument 1 to function '--' failed to compile
  line 19: 'var' used in a scope that does not support variable binding (e.g. inside a function call argument)
  line 17: no function named '--' found in this script or imported scripts
  line 17: '.' field access expects 1 argument (object)
  line 17: '->' dereference expects 1 argument (pointer)
  line 17: cannot resolve type '(-- (var offset (* 4.0 ((- (GetLook target) look)))) (var offsetLength (Length offset)) ((= offset (* (* 0.25 ((- 1.0 (ExpDecay offsetLength 0.5)))) (Normalize offset)))) ((-= pos (* radius (Mix (GetLook target) look ((- 1.0 (ExpDecay offsetLength 1.0))))))) ((-= pos (* radius offset))))'
  no native function named ''
  no native function named ''
  no function named '' found in this script or imported scripts
  '.' field access expects 1 argument (object)
  '->' dereference expects 1 argument (pointer)
  cannot resolve type '((+= pos (* (* 0.2 radius) up)))'
  line 21: unknown variable 'pos'
  line 21: unknown reference 'pos'
  line 21: no native function named 'pos'
  line 21: no function named 'pos' found in this script or imported scripts
  line 21: cannot resolve type 'pos'
  line 21: unrecognized literal 'pos' (expected integer, float, string, or bool)
  line 21: unresolved name 'pos'
  line 21: argument 1 to function '+=' failed to compile
  line 21: unknown variable 'pos'
  line 21: unknown reference 'pos'
  line 21: no native function named 'pos'
  line 21: no function named 'pos' found in this script or imported scripts
  line 21: cannot resolve type 'pos'
  line 21: unrecognized literal 'pos' (expected integer, float, string, or bool)
  line 21: unresolved name 'pos'
  line 21: no function named '+=' found in this script or imported scripts
  line 21: '.' field access expects 1 argument (object)
  line 21: '->' dereference expects 1 argument (pointer)
  line 21: cannot resolve type '(+= pos (* (* 0.2 radius) up))'
  no function named '' found in this script or imported scripts
  '.' field access expects 1 argument (object)
  '->' dereference expects 1 argument (pointer)
  cannot resolve type '((-= pos (* radius look)) ((+= pos (* (* 0.2 radius) up))) ((= lookAt (+ (GetPos target) ((+ (* 1000.0 look) noise))))) ((SetRigidity cam) 10000000.0))'
  unknown variable 'cam'
  unknown reference 'cam'
  no native function named 'cam'
  no function named 'cam' found in this script or imported scripts
  cannot resolve type 'cam'
  unrecognized literal 'cam' (expected integer, float, string, or bool)
  unresolved name 'cam'
  argument 1 to function 'SetRelativePos' failed to compile
  unknown variable 'cam'
  unknown reference 'cam'
  no native function named 'cam'
  no function named 'cam' found in this script or imported scripts
  cannot resolve type 'cam'
  unrecognized literal 'cam' (expected integer, float, string, or bool)
  unresolved name 'cam'
  no function named 'SetRelativePos' found in this script or imported scripts
  '.' field access expects 1 argument (object)
  '->' dereference expects 1 argument (pointer)
  cannot resolve type '((SetRelativePos cam) pos ((SetRelativeUp cam) up) ((SetRelativeLookAt cam) lookAt) ((SetRigidity cam) 1000.0))'
  unknown variable 'target'
  unknown reference 'target'
  no native function named 'target'
  no function named 'target' found in this script or imported scripts
  cannot resolve type 'target'
  unrecognized literal 'target' (expected integer, float, string, or bool)
  unresolved name 'target'
  argument 1 to function 'Broadcast' failed to compile
  unknown variable 'target'
  unknown reference 'target'
  no native function named 'target'
  no function named 'target' found in this script or imported scripts
  cannot resolve type 'target'
  unrecognized literal 'target' (expected integer, float, string, or bool)
  unresolved name 'target'
  no function named 'Broadcast' found in this script or imported scripts
  line 25: unknown variable 'targetPos'
  line 25: unknown reference 'targetPos'
  line 25: no native function named 'targetPos'
  line 25: no function named 'targetPos' found in this script or imported scripts
  line 25: cannot resolve type 'targetPos'
  line 25: unrecognized literal 'targetPos' (expected integer, float, string, or bool)
  line 25: unresolved name 'targetPos'
  line 25: argument 1 to function 'MessageTargetPosition' failed to compile
  line 25: unknown variable 'targetPos'
  line 25: unknown reference 'targetPos'
  line 25: no native function named 'targetPos'
  line 25: no function named 'targetPos' found in this script or imported scripts
  line 25: cannot resolve type 'targetPos'
  line 25: unrecognized literal 'targetPos' (expected integer, float, string, or bool)
  line 25: unresolved name 'targetPos'
  line 25: no function named 'MessageTargetPosition' found in this script or imported scripts
  line 25: unknown variable 'targetPos'
  line 25: unknown reference 'targetPos'
  line 25: no native function named 'targetPos'
  line 25: no function named 'targetPos' found in this script or imported scripts
  line 25: cannot resolve type 'targetPos'
  line 25: unrecognized literal 'targetPos' (expected integer, float, string, or bool)
  line 25: unresolved name 'targetPos'
  line 25: '.' -- object expression failed to compile
  line 25: unknown variable 'targetPos'
  line 25: unknown reference 'targetPos'
  line 25: no native function named 'targetPos'
  line 25: no function named 'targetPos' found in this script or imported scripts
  line 25: cannot resolve type 'targetPos'
  line 25: unrecognized literal 'targetPos' (expected integer, float, string, or bool)
  line 25: unresolved name 'targetPos'
  line 25: '->' -- pointer expression failed to compile
  line 25: constructor for type 'MessageTargetPosition' expects 1 argument(s), but got 2
  line 25: unknown variable 'targetPos'
  line 25: unknown reference 'targetPos'
  line 25: no native function named 'targetPos'
  line 25: no function named 'targetPos' found in this script or imported scripts
  line 25: cannot resolve type 'targetPos'
  line 25: unrecognized literal 'targetPos' (expected integer, float, string, or bool)
  line 25: unresolved name 'targetPos'
  '.' -- object expression failed to compile
  line 25: unknown variable 'targetPos'
  line 25: unknown reference 'targetPos'
  line 25: no native function named 'targetPos'
  line 25: no function named 'targetPos' found in this script or imported scripts
  line 25: cannot resolve type 'targetPos'
  line 25: unrecognized literal 'targetPos' (expected integer, float, string, or bool)
  line 25: unresolved name 'targetPos'
  line 25: argument 1 to function 'MessageTargetPosition' failed to compile
  line 25: unknown variable 'targetPos'
  line 25: unknown reference 'targetPos'
  line 25: no native function named 'targetPos'
  line 25: no function named 'targetPos' found in this script or imported scripts
  line 25: cannot resolve type 'targetPos'
  line 25: unrecognized literal 'targetPos' (expected integer, float, string, or bool)
  line 25: unresolved name 'targetPos'
  line 25: no function named 'MessageTargetPosition' found in this script or imported scripts
  line 25: unknown variable 'targetPos'
  line 25: unknown reference 'targetPos'
  line 25: no native function named 'targetPos'
  line 25: no function named 'targetPos' found in this script or imported scripts
  line 25: cannot resolve type 'targetPos'
  line 25: unrecognized literal 'targetPos' (expected integer, float, string, or bool)
  line 25: unresolved name 'targetPos'
  line 25: '.' -- object expression failed to compile
  line 25: unknown variable 'targetPos'
  line 25: unknown reference 'targetPos'
  line 25: no native function named 'targetPos'
  line 25: no function named 'targetPos' found in this script or imported scripts
  line 25: cannot resolve type 'targetPos'
  line 25: unrecognized literal 'targetPos' (expected integer, float, string, or bool)
  line 25: unresolved name 'targetPos'
  line 25: '->' -- pointer expression failed to compile
  line 25: constructor for type 'MessageTargetPosition' expects 1 argument(s), but got 2
  line 25: unknown variable 'targetPos'
  line 25: unknown reference 'targetPos'
  line 25: no native function named 'targetPos'
  line 25: no function named 'targetPos' found in this script or imported scripts
  line 25: cannot resolve type 'targetPos'
  line 25: unrecognized literal 'targetPos' (expected integer, float, string, or bool)
  line 25: unresolved name 'targetPos'
  '->' -- pointer expression failed to compile
  cannot resolve type '((Broadcast target) (MessageTargetPosition targetPos))'
  unknown type '(Broadcast target)' for cast/conversion
  line 27: unknown variable 'boosting'
  line 27: unknown reference 'boosting'
  line 27: no native function named 'boosting'
  line 27: no function named 'boosting' found in this script or imported scripts
  line 27: cannot resolve type 'boosting'
  line 27: unrecognized literal 'boosting' (expected integer, float, string, or bool)
  line 27: unresolved name 'boosting'
  line 27: 'if' -- predicate expression failed to compile
  line 29: unknown variable 'firing'
  line 29: unknown reference 'firing'
  line 29: no native function named 'firing'
  line 29: no function named 'firing' found in this script or imported scripts
  line 29: cannot resolve type 'firing'
  line 29: unrecognized literal 'firing' (expected integer, float, string, or bool)
  line 29: unresolved name 'firing'
  line 29: 'if' -- predicate expression failed to compile
  line 29: unknown variable 'false'
  line 29: unknown reference 'false'
  line 29: no native function named 'false'
  line 29: no function named 'false' found in this script or imported scripts
  line 29: cannot resolve type 'false'
  line 31: unknown variable 'Camera_Get'
  line 31: unknown reference 'Camera_Get'
  line 32: unknown variable 'ParticleSystem_Get'
  line 32: unknown reference 'ParticleSystem_Get'
  line 33: unknown variable 'Particle_Firefly'
  line 33: unknown reference 'Particle_Firefly'
  line 34: unknown variable '128' (did you mean 'cam'?)
  line 34: unknown reference '128' (did you mean 'cam'?)
  line 34: no native function named '128'
  line 34: no function named '128' found in this script or imported scripts
  line 34: cannot resolve type '128'
  unknown variable 'self'
  unknown reference 'self'
  no native function named 'self'
  no function named 'self' found in this script or imported scripts
  cannot resolve type 'self'
  unrecognized literal 'self' (expected integer, float, string, or bool)
  unresolved name 'self'
  argument 1 to function 'GetRadius' failed to compile
  unknown variable 'self'
  unknown reference 'self'
  no native function named 'self'
  no function named 'self' found in this script or imported scripts
  cannot resolve type 'self'
  unrecognized literal 'self' (expected integer, float, string, or bool)
  unresolved name 'self'
  no function named 'GetRadius' found in this script or imported scripts
  unknown variable 'self'
  unknown reference 'self'
  no native function named 'self'
  no function named 'self' found in this script or imported scripts
  cannot resolve type 'self'
  unrecognized literal 'self' (expected integer, float, string, or bool)
  unresolved name 'self'
  '.' -- object expression failed to compile
  unknown variable 'self'
  unknown reference 'self'
  no native function named 'self'
  no function named 'self' found in this script or imported scripts
  cannot resolve type 'self'
  unrecognized literal 'self' (expected integer, float, string, or bool)
  unresolved name 'self'
  '->' -- pointer expression failed to compile
  cannot resolve type '(GetRadius self)'
  unknown type 'GetRadius' for cast/conversion
  line 36: unknown variable '0' (did you mean 'ps'?)
  line 36: unknown reference '0' (did you mean 'ps'?)
  line 36: no native function named '0'
  line 36: no function named '0' found in this script or imported scripts
  line 36: cannot resolve type '0'
  unknown variable 'rng' (did you mean 'cam'?)
  unknown reference 'rng' (did you mean 'cam'?)
  no native function named 'rng'
  no function named 'rng' found in this script or imported scripts
  cannot resolve type 'rng'
  unrecognized literal 'rng' (expected integer, float, string, or bool)
  unresolved name 'rng' (did you mean 'cam'?)
  argument 1 to function 'Direction' failed to compile
  unknown variable 'rng' (did you mean 'cam'?)
  unknown reference 'rng' (did you mean 'cam'?)
  no native function named 'rng'
  no function named 'rng' found in this script or imported scripts
  cannot resolve type 'rng'
  unrecognized literal 'rng' (expected integer, float, string, or bool)
  unresolved name 'rng' (did you mean 'cam'?)
  no function named 'Direction' found in this script or imported scripts
  unknown variable 'rng' (did you mean 'cam'?)
  unknown reference 'rng' (did you mean 'cam'?)
  no native function named 'rng'
  no function named 'rng' found in this script or imported scripts
  cannot resolve type 'rng'
  unrecognized literal 'rng' (expected integer, float, string, or bool)
  unresolved name 'rng' (did you mean 'cam'?)
  '.' -- object expression failed to compile
  unknown variable 'rng' (did you mean 'cam'?)
  unknown reference 'rng' (did you mean 'cam'?)
  no native function named 'rng'
  no function named 'rng' found in this script or imported scripts
  cannot resolve type 'rng'
  unrecognized literal 'rng' (expected integer, float, string, or bool)
  unresolved name 'rng' (did you mean 'cam'?)
  '->' -- pointer expression failed to compile
  cannot resolve type '(Direction rng)'
  unknown type 'Direction' for cast/conversion
  no native function named ''
  no function named '' found in this script or imported scripts
  '.' field access expects 1 argument (object)
  '->' dereference expects 1 argument (pointer)
  cannot resolve type '((+ (GetPos cam) (* 1000.0 (Sphere rng))))'
  line 42: unknown variable '1000.0'
  line 42: unknown reference '1000.0'
  line 42: no native function named '1000.0'
  line 42: no function named '1000.0' found in this script or imported scripts
  line 42: cannot resolve type '1000.0'
  unknown variable 'rng' (did you mean 'cam'?)
  unknown reference 'rng' (did you mean 'cam'?)
  no native function named 'rng'
  no function named 'rng' found in this script or imported scripts
  cannot resolve type 'rng'
  unrecognized literal 'rng' (expected integer, float, string, or bool)
  unresolved name 'rng' (did you mean 'cam'?)
  argument 1 to function 'Sphere' failed to compile
  unknown variable 'rng' (did you mean 'cam'?)
  unknown reference 'rng' (did you mean 'cam'?)
  no native function named 'rng'
  no function named 'rng' found in this script or imported scripts
  cannot resolve type 'rng'
  unrecognized literal 'rng' (expected integer, float, string, or bool)
  unresolved name 'rng' (did you mean 'cam'?)
  no function named 'Sphere' found in this script or imported scripts
  unknown variable 'rng' (did you mean 'cam'?)
  unknown reference 'rng' (did you mean 'cam'?)
  no native function named 'rng'
  no function named 'rng' found in this script or imported scripts
  cannot resolve type 'rng'
  unrecognized literal 'rng' (expected integer, float, string, or bool)
  unresolved name 'rng' (did you mean 'cam'?)
  '.' -- object expression failed to compile
  unknown variable 'rng' (did you mean 'cam'?)
  unknown reference 'rng' (did you mean 'cam'?)
  no native function named 'rng'
  no function named 'rng' found in this script or imported scripts
  cannot resolve type 'rng'
  unrecognized literal 'rng' (expected integer, float, string, or bool)
  unresolved name 'rng' (did you mean 'cam'?)
  '->' -- pointer expression failed to compile
  cannot resolve type '(Sphere rng)'
  unknown type 'Sphere' for cast/conversion
  line 42: argument 2 to function '*' failed to compile
  line 42: unknown variable '1000.0'
  line 42: unknown reference '1000.0'
  line 42: no native function named '1000.0'
  line 42: no function named '1000.0' found in this script or imported scripts
  line 42: cannot resolve type '1000.0'
  line 42: no function named '*' found in this script or imported scripts
  line 42: '.' field access expects 1 argument (object)
  line 42: '->' dereference expects 1 argument (pointer)
  line 42: cannot resolve type '(* 1000.0 (Sphere rng))'
  line 42: argument 2 to function '+' failed to compile
  line 42: no function named '+' found in this script or imported scripts
  line 42: '.' field access expects 1 argument (object)
  line 42: '->' dereference expects 1 argument (pointer)
  line 42: cannot resolve type '(+ (GetPos cam) (* 1000.0 (Sphere rng)))'
  argument 3 to function 'Add' failed to compile
  no function named 'Add' found in this script or imported scripts
  '.' field access expects 1 argument (object)
  '->' dereference expects 1 argument (pointer)
  cannot resolve type '((Add ps) particle ((+ (GetPos cam) (* 1000.0 (Sphere rng)))) ((- (* (Exp rng) (Sphere rng)) (* (* 100.0 (Float rng)) (GetUp cam)))) 2.0 ((Float rng) 2 3) ((* 32.0 (Vec3 1.0 1.0 1.0))))'
  unknown variable 'Key_Equal'
  unknown reference 'Key_Equal'
  no native function named ''
  no function named '' found in this script or imported scripts
  '.' field access expects 1 argument (object)
  '->' dereference expects 1 argument (pointer)
  cannot resolve type '((+= targetIndex 1))'
  line 33: unknown variable 'targetIndex'
  line 33: unknown reference 'targetIndex'
  line 33: no native function named 'targetIndex'
  line 33: no function named 'targetIndex' found in this script or imported scripts
  line 33: cannot resolve type 'targetIndex'
  line 33: unrecognized literal 'targetIndex' (expected integer, float, string, or bool)
  line 33: unresolved name 'targetIndex'
  line 33: argument 1 to function '+=' failed to compile
  line 33: unknown variable 'targetIndex'
  line 33: unknown reference 'targetIndex'
  line 33: no native function named 'targetIndex'
  line 33: no function named 'targetIndex' found in this script or imported scripts
  line 33: cannot resolve type 'targetIndex'
  line 33: unrecognized literal 'targetIndex' (expected integer, float, string, or bool)
  line 33: unresolved name 'targetIndex'
  line 33: no function named '+=' found in this script or imported scripts
  line 33: '.' field access expects 1 argument (object)
  line 33: '->' dereference expects 1 argument (pointer)
  line 33: cannot resolve type '(+= targetIndex 1)'
  line 31: 'if' -- body block failed to compile
  unknown variable 'Key_Dash'
  unknown reference 'Key_Dash'
  no native function named ''
  no function named '' found in this script or imported scripts
  '.' field access expects 1 argument (object)
  '->' dereference expects 1 argument (pointer)
  cannot resolve type '((-= targetIndex 1))'
  line 35: unknown variable 'targetIndex'
  line 35: unknown reference 'targetIndex'
  line 35: no native function named 'targetIndex'
  line 35: no function named 'targetIndex' found in this script or imported scripts
  line 35: cannot resolve type 'targetIndex'
  line 35: unrecognized literal 'targetIndex' (expected integer, float, string, or bool)
  line 35: unresolved name 'targetIndex'
  line 35: argument 1 to function '-=' failed to compile
  line 35: unknown variable 'targetIndex'
  line 35: unknown reference 'targetIndex'
  line 35: no native function named 'targetIndex'
  line 35: no function named 'targetIndex' found in this script or imported scripts
  line 35: cannot resolve type 'targetIndex'
  line 35: unrecognized literal 'targetIndex' (expected integer, float, string, or bool)
  line 35: unresolved name 'targetIndex'
  line 35: no function named '-=' found in this script or imported scripts
  line 35: '.' field access expects 1 argument (object)
  line 35: '->' dereference expects 1 argument (pointer)
  line 35: cannot resolve type '(-= targetIndex 1)'
  line 33: 'if' -- body block failed to compile
  line 31: unknown variable 'true'
  line 31: unknown reference 'true'
  line 31: no native function named 'true'
  line 31: no function named 'true' found in this script or imported scripts
  line 31: cannot resolve type 'true'
'Widget/Reticle/Default' -- 4161 compilation error(s):
  line 3: unknown variable 'desc'
  line 3: unknown reference 'desc'
  line 3: no native function named 'desc'
  line 3: no function named 'desc' found in this script or imported scripts
  line 3: cannot resolve type 'desc'
  line 3: unrecognized literal 'desc' (expected integer, float, string, or bool)
  line 3: unresolved name 'desc'
  line 3: argument 1 to function '--' failed to compile
  line 3: unknown variable 'desc'
  line 3: unknown reference 'desc'
  line 3: no native function named 'desc'
  line 3: no function named 'desc' found in this script or imported scripts
  line 3: cannot resolve type 'desc'
  line 3: unrecognized literal 'desc' (expected integer, float, string, or bool)
  line 3: unresolved name 'desc'
  line 3: no function named '--' found in this script or imported scripts
  line 3: '.' field access expects 1 argument (object)
  line 3: '->' dereference expects 1 argument (pointer)
  line 3: cannot resolve type '(-- desc "Center Reticle" (var k 2) (for i 0 (< i k) (++ i) (Draw (Glyph_Arc 0 1 0.20 1 1 (/ i k) 0.001) pos 36 color (alpha self))) (Draw circle pos 24 color (alpha self)))'
  line 7: unknown variable '3'
  line 7: unknown reference '3'
  line 7: no native function named '3'
  line 7: no function named '3' found in this script or imported scripts
  line 7: cannot resolve type '3'
  line 8: unknown variable '0' (did you mean 'k'?)
  line 8: unknown reference '0' (did you mean 'k'?)
  line 8: no native function named '0'
  line 8: no function named '0' found in this script or imported scripts
  line 8: cannot resolve type '0'
  line 10: unknown variable '0' (did you mean 'i'?)
  line 10: unknown reference '0' (did you mean 'i'?)
  line 10: no native function named '0'
  line 10: no function named '0' found in this script or imported scripts
  line 10: cannot resolve type '0'
  line 10: unknown variable '1' (did you mean 'i'?)
  line 10: unknown reference '1' (did you mean 'i'?)
  line 10: no native function named '1'
  line 10: no function named '1' found in this script or imported scripts
  line 10: cannot resolve type '1'
  line 10: unknown variable '0.20'
  line 10: unknown reference '0.20'
  line 10: no native function named '0.20'
  line 10: no function named '0.20' found in this script or imported scripts
  line 10: cannot resolve type '0.20'
  line 10: unknown variable '1' (did you mean 'i'?)
  line 10: unknown reference '1' (did you mean 'i'?)
  line 10: no native function named '1'
  line 10: no function named '1' found in this script or imported scripts
  line 10: cannot resolve type '1'
  line 10: unknown variable '1' (did you mean 'i'?)
  line 10: unknown reference '1' (did you mean 'i'?)
  line 10: no native function named '1'
  line 10: no function named '1' found in this script or imported scripts
  line 10: cannot resolve type '1'
  line 10: unknown variable '0.25'
  line 10: unknown reference '0.25'
  line 10: no native function named '0.25'
  line 10: no function named '0.25' found in this script or imported scripts
  line 10: cannot resolve type '0.25'
  line 10: unknown variable '0.001'
  line 10: unknown reference '0.001'
  line 10: no native function named '0.001'
  line 10: no function named '0.001' found in this script or imported scripts
  line 10: cannot resolve type '0.001'
  line 10: unknown variable 'pos' (did you mean 'i'?)
  line 10: unknown reference 'pos' (did you mean 'i'?)
  line 10: no native function named 'pos'
  line 10: no function named 'pos' found in this script or imported scripts
  line 10: cannot resolve type 'pos'
  line 10: unrecognized literal 'pos' (expected integer, float, string, or bool)
  line 10: unresolved name 'pos' (did you mean 'i'?)
  line 10: argument 2 to function 'Draw' failed to compile
  line 10: unknown variable '0' (did you mean 'i'?)
  line 10: unknown reference '0' (did you mean 'i'?)
  line 10: no native function named '0'
  line 10: no function named '0' found in this script or imported scripts
  line 10: cannot resolve type '0'
  line 10: unknown variable '1' (did you mean 'i'?)
  line 10: unknown reference '1' (did you mean 'i'?)
  line 10: no native function named '1'
  line 10: no function named '1' found in this script or imported scripts
  line 10: cannot resolve type '1'
  line 10: unknown variable '0.20'
  line 10: unknown reference '0.20'
  line 10: no native function named '0.20'
  line 10: no function named '0.20' found in this script or imported scripts
  line 10: cannot resolve type '0.20'
  line 10: unknown variable '1' (did you mean 'i'?)
  line 10: unknown reference '1' (did you mean 'i'?)
  line 10: no native function named '1'
  line 10: no function named '1' found in this script or imported scripts
  line 10: cannot resolve type '1'
  line 10: unknown variable '1' (did you mean 'i'?)
  line 10: unknown reference '1' (did you mean 'i'?)
  line 10: no native function named '1'
  line 10: no function named '1' found in this script or imported scripts
  line 10: cannot resolve type '1'
  line 10: unknown variable '0.25'
  line 10: unknown reference '0.25'
  line 10: no native function named '0.25'
  line 10: no function named '0.25' found in this script or imported scripts
  line 10: cannot resolve type '0.25'
  line 10: unknown variable '0.001'
  line 10: unknown reference '0.001'
  line 10: no native function named '0.001'
  line 10: no function named '0.001' found in this script or imported scripts
  line 10: cannot resolve type '0.001'
  line 10: no function named 'Draw' found in this script or imported scripts
  line 10: '.' field access expects 1 argument (object)
  line 10: '->' dereference expects 1 argument (pointer)
  line 10: cannot resolve type '(Draw (Glyph_Arc 0 1 0.20 1 1 (Fract (+ (/ i k) 0.25)) 0.001) pos 24 color opacity)'
  line 8: unknown variable 'Draw'
  line 8: unknown reference 'Draw'
  line 8: no overload of 'Draw()' is compatible with these argument types
  line 8:   candidates: void Glyph_Draw(Glyph glyph, Vec2 center, Vec2 scale, Color color, Float alpha), void Icon_Draw(Icon icon, Vec2 center, Vec2 scale, Color color, Float alpha), void Interface_Draw(Interface interface), void WidgetRenderer_DrawTexture(Texture texture, Vec2 pos, Vec2 size, Float alpha)
  line 8: no function named 'Draw' found in this script or imported scripts
  line 8: cannot resolve type 'Draw'
  line 8: unrecognized literal 'Draw' (expected integer, float, string, or bool)
  line 8: unresolved name 'Draw'
  line 8: argument 1 to function '--' failed to compile
  line 8: unknown variable 'Draw'
  line 8: unknown reference 'Draw'
  line 8: no overload of 'Draw()' is compatible with these argument types
  line 8:   candidates: void Glyph_Draw(Glyph glyph, Vec2 center, Vec2 scale, Color color, Float alpha), void Icon_Draw(Icon icon, Vec2 center, Vec2 scale, Color color, Float alpha), void Interface_Draw(Interface interface), void WidgetRenderer_DrawTexture(Texture texture, Vec2 pos, Vec2 size, Float alpha)
  line 8: no function named 'Draw' found in this script or imported scripts
  line 8: cannot resolve type 'Draw'
  line 8: unrecognized literal 'Draw' (expected integer, float, string, or bool)
  line 8: unresolved name 'Draw'
  line 8: no function named '--' found in this script or imported scripts
  line 8: '.' field access expects 1 argument (object)
  line 8: '->' dereference expects 1 argument (pointer)
  line 8: cannot resolve type '(-- Draw (Glyph_Arc 0 1 0.001 1 1 0.00 0.10) (- pos offset) ((- r1 16.0)) color opacity)'
  line 9: unknown variable 'Draw'
  line 9: unknown reference 'Draw'
  line 9: no overload of 'Draw()' is compatible with these argument types
  line 9:   candidates: void Glyph_Draw(Glyph glyph, Vec2 center, Vec2 scale, Color color, Float alpha), void Icon_Draw(Icon icon, Vec2 center, Vec2 scale, Color color, Float alpha), void Interface_Draw(Interface interface), void WidgetRenderer_DrawTexture(Texture texture, Vec2 pos, Vec2 size, Float alpha)
  line 9: no function named 'Draw' found in this script or imported scripts
  line 9: cannot resolve type 'Draw'
  line 9: unrecognized literal 'Draw' (expected integer, float, string, or bool)
  line 9: unresolved name 'Draw'
  line 9: argument 1 to function '--' failed to compile
  line 9: unknown variable 'Draw'
  line 9: unknown reference 'Draw'
  line 9: no overload of 'Draw()' is compatible with these argument types
  line 9:   candidates: void Glyph_Draw(Glyph glyph, Vec2 center, Vec2 scale, Color color, Float alpha), void Icon_Draw(Icon icon, Vec2 center, Vec2 scale, Color color, Float alpha), void Interface_Draw(Interface interface), void WidgetRenderer_DrawTexture(Texture texture, Vec2 pos, Vec2 size, Float alpha)
  line 9: no function named 'Draw' found in this script or imported scripts
  line 9: cannot resolve type 'Draw'
  line 9: unrecognized literal 'Draw' (expected integer, float, string, or bool)
  line 9: unresolved name 'Draw'
  line 9: no function named '--' found in this script or imported scripts
  line 9: '.' field access expects 1 argument (object)
  line 9: '->' dereference expects 1 argument (pointer)
  line 9: cannot resolve type '(-- Draw (Glyph_Arc 0 1 0.001 1 1 0.50 0.10) (+ pos offset) ((- r1 16.0)) color opacity)'
  line 13: unknown variable '2.0'
  line 13: unknown reference '2.0'
  line 13: no native function named '2.0'
  line 13: no function named '2.0' found in this script or imported scripts
  line 13: cannot resolve type '2.0'
  unknown variable 'object'
  unknown reference 'object'
  no native function named 'object'
  no function named 'object' found in this script or imported scripts
  cannot resolve type 'object'
  unrecognized literal 'object' (expected integer, float, string, or bool)
  unresolved name 'object'
  argument 1 to function 'GetSpeed' failed to compile
  unknown variable 'object'
  unknown reference 'object'
  no native function named 'object'
  no function named 'object' found in this script or imported scripts
  cannot resolve type 'object'
  unrecognized literal 'object' (expected integer, float, string, or bool)
  unresolved name 'object'
  no function named 'GetSpeed' found in this script or imported scripts
  unknown variable 'object'
  unknown reference 'object'
  no native function named 'object'
  no function named 'object' found in this script or imported scripts
  cannot resolve type 'object'
  unrecognized literal 'object' (expected integer, float, string, or bool)
  unresolved name 'object'
  '.' -- object expression failed to compile
  unknown variable 'object'
  unknown reference 'object'
  no native function named 'object'
  no function named 'object' found in this script or imported scripts
  cannot resolve type 'object'
  unrecognized literal 'object' (expected integer, float, string, or bool)
  unresolved name 'object'
  '->' -- pointer expression failed to compile
  cannot resolve type '(GetSpeed object)'
  unknown type 'GetSpeed' for cast/conversion
  line 13: argument 2 to function '*' failed to compile
  line 13: unknown variable '2.0'
  line 13: unknown reference '2.0'
  line 13: no native function named '2.0'
  line 13: no function named '2.0' found in this script or imported scripts
  line 13: cannot resolve type '2.0'
  line 13: no function named '*' found in this script or imported scripts
  line 13: '.' field access expects 1 argument (object)
  line 13: '->' dereference expects 1 argument (pointer)
  line 13: cannot resolve type '(* 2.0 (GetSpeed object))'
  line 13: argument 1 to function '/' failed to compile
  line 13: unknown variable '2.0'
  line 13: unknown reference '2.0'
  line 13: no native function named '2.0'
  line 13: no function named '2.0' found in this script or imported scripts
  line 13: cannot resolve type '2.0'
  unknown variable 'object'
  unknown reference 'object'
  no native function named 'object'
  no function named 'object' found in this script or imported scripts
  cannot resolve type 'object'
  unrecognized literal 'object' (expected integer, float, string, or bool)
  unresolved name 'object'
  argument 1 to function 'GetSpeed' failed to compile
  unknown variable 'object'
  unknown reference 'object'
  no native function named 'object'
  no function named 'object' found in this script or imported scripts
  cannot resolve type 'object'
  unrecognized literal 'object' (expected integer, float, string, or bool)
  unresolved name 'object'
  no function named 'GetSpeed' found in this script or imported scripts
  unknown variable 'object'
  unknown reference 'object'
  no native function named 'object'
  no function named 'object' found in this script or imported scripts
  cannot resolve type 'object'
  unrecognized literal 'object' (expected integer, float, string, or bool)
  unresolved name 'object'
  '.' -- object expression failed to compile
  unknown variable 'object'
  unknown reference 'object'
  no native function named 'object'
  no function named 'object' found in this script or imported scripts
  cannot resolve type 'object'
  unrecognized literal 'object' (expected integer, float, string, or bool)
  unresolved name 'object'
  '->' -- pointer expression failed to compile
  cannot resolve type '(GetSpeed object)'
  unknown type 'GetSpeed' for cast/conversion
  line 13: argument 2 to function '*' failed to compile
  line 13: unknown variable '2.0'
  line 13: unknown reference '2.0'
  line 13: no native function named '2.0'
  line 13: no function named '2.0' found in this script or imported scripts
  line 13: cannot resolve type '2.0'
  line 13: no function named '*' found in this script or imported scripts
  line 13: '.' field access expects 1 argument (object)
  line 13: '->' dereference expects 1 argument (pointer)
  line 13: cannot resolve type '(* 2.0 (GetSpeed object))'
  line 13: no function named '/' found in this script or imported scripts
  line 13: '.' field access expects 1 argument (object)
  line 13: '->' dereference expects 1 argument (pointer)
  line 13: cannot resolve type '(/ (* 2.0 (GetSpeed object)) (GetTopSpeed object))'
  line 13: argument 1 to function 'Saturate' failed to compile
  line 13: unknown variable '2.0'
  line 13: unknown reference '2.0'
  line 13: no native function named '2.0'
  line 13: no function named '2.0' found in this script or imported scripts
  line 13: cannot resolve type '2.0'
  unknown variable 'object'
  unknown reference 'object'
  no native function named 'object'
  no function named 'object' found in this script or imported scripts
  cannot resolve type 'object'
  unrecognized literal 'object' (expected integer, float, string, or bool)
  unresolved name 'object'
  argument 1 to function 'GetSpeed' failed to compile
  unknown variable 'object'
  unknown reference 'object'
  no native function named 'object'
  no function named 'object' found in this script or imported scripts
  cannot resolve type 'object'
  unrecognized literal 'object' (expected integer, float, string, or bool)
  unresolved name 'object'
  no function named 'GetSpeed' found in this script or imported scripts
  unknown variable 'object'
  unknown reference 'object'
  no native function named 'object'
  no function named 'object' found in this script or imported scripts
  cannot resolve type 'object'
  unrecognized literal 'object' (expected integer, float, string, or bool)
  unresolved name 'object'
  '.' -- object expression failed to compile
  unknown variable 'object'
  unknown reference 'object'
  no native function named 'object'
  no function named 'object' found in this script or imported scripts
  cannot resolve type 'object'
  unrecognized literal 'object' (expected integer, float, string, or bool)
  unresolved name 'object'
  '->' -- pointer expression failed to compile
  cannot resolve type '(GetSpeed object)'
  unknown type 'GetSpeed' for cast/conversion
  line 13: argument 2 to function '*' failed to compile
  line 13: unknown variable '2.0'
  line 13: unknown reference '2.0'
  line 13: no native function named '2.0'
  line 13: no function named '2.0' found in this script or imported scripts
  line 13: cannot resolve type '2.0'
  line 13: no function named '*' found in this script or imported scripts
  line 13: '.' field access expects 1 argument (object)
  line 13: '->' dereference expects 1 argument (pointer)
  line 13: cannot resolve type '(* 2.0 (GetSpeed object))'
  line 13: argument 1 to function '/' failed to compile
  line 13: unknown variable '2.0'
  line 13: unknown reference '2.0'
  line 13: no native function named '2.0'
  line 13: no function named '2.0' found in this script or imported scripts
  line 13: cannot resolve type '2.0'
  unknown variable 'object'
  unknown reference 'object'
  no native function named 'object'
  no function named 'object' found in this script or imported scripts
  cannot resolve type 'object'
  unrecognized literal 'object' (expected integer, float, string, or bool)
  unresolved name 'object'
  argument 1 to function 'GetSpeed' failed to compile
  unknown variable 'object'
  unknown reference 'object'
  no native function named 'object'
  no function named 'object' found in this script or imported scripts
  cannot resolve type 'object'
  unrecognized literal 'object' (expected integer, float, string, or bool)
  unresolved name 'object'
  no function named 'GetSpeed' found in this script or imported scripts
  unknown variable 'object'
  unknown reference 'object'
  no native function named 'object'
  no function named 'object' found in this script or imported scripts
  cannot resolve type 'object'
  unrecognized literal 'object' (expected integer, float, string, or bool)
  unresolved name 'object'
  '.' -- object expression failed to compile
  unknown variable 'object'
  unknown reference 'object'
  no native function named 'object'
  no function named 'object' found in this script or imported scripts
  cannot resolve type 'object'
  unrecognized literal 'object' (expected integer, float, string, or bool)
  unresolved name 'object'
  '->' -- pointer expression failed to compile
  cannot resolve type '(GetSpeed object)'
  unknown type 'GetSpeed' for cast/conversion
  line 13: argument 2 to function '*' failed to compile
  line 13: unknown variable '2.0'
  line 13: unknown reference '2.0'
  line 13: no native function named '2.0'
  line 13: no function named '2.0' found in this script or imported scripts
  line 13: cannot resolve type '2.0'
  line 13: no function named '*' found in this script or imported scripts
  line 13: '.' field access expects 1 argument (object)
  line 13: '->' dereference expects 1 argument (pointer)
  line 13: cannot resolve type '(* 2.0 (GetSpeed object))'
  line 13: no function named '/' found in this script or imported scripts
  line 13: '.' field access expects 1 argument (object)
  line 13: '->' dereference expects 1 argument (pointer)
  line 13: cannot resolve type '(/ (* 2.0 (GetSpeed object)) (GetTopSpeed object))'
  line 13: no function named 'Saturate' found in this script or imported scripts
  line 13: unknown variable '2.0'
  line 13: unknown reference '2.0'
  line 13: no native function named '2.0'
  line 13: no function named '2.0' found in this script or imported scripts
  line 13: cannot resolve type '2.0'
  unknown variable 'object'
  unknown reference 'object'
  no native function named 'object'
  no function named 'object' found in this script or imported scripts
  cannot resolve type 'object'
  unrecognized literal 'object' (expected integer, float, string, or bool)
  unresolved name 'object'
  argument 1 to function 'GetSpeed' failed to compile
  unknown variable 'object'
  unknown reference 'object'
  no native function named 'object'
  no function named 'object' found in this script or imported scripts
  cannot resolve type 'object'
  unrecognized literal 'object' (expected integer, float, string, or bool)
  unresolved name 'object'
  no function named 'GetSpeed' found in this script or imported scripts
  unknown variable 'object'
  unknown reference 'object'
  no native function named 'object'
  no function named 'object' found in this script or imported scripts
  cannot resolve type 'object'
  unrecognized literal 'object' (expected integer, float, string, or bool)
  unresolved name 'object'
  '.' -- object expression failed to compile
  unknown variable 'object'
  unknown reference 'object'
  no native function named 'object'
  no function named 'object' found in this script or imported scripts
  cannot resolve type 'object'
  unrecognized literal 'object' (expected integer, float, string, or bool)
  unresolved name 'object'
  '->' -- pointer expression failed to compile
  cannot resolve type '(GetSpeed object)'
  unknown type 'GetSpeed' for cast/conversion
  line 13: argument 2 to function '*' failed to compile
  line 13: unknown variable '2.0'
  line 13: unknown reference '2.0'
  line 13: no native function named '2.0'
  line 13: no function named '2.0' found in this script or imported scripts
  line 13: cannot resolve type '2.0'
  line 13: no function named '*' found in this script or imported scripts
  line 13: '.' field access expects 1 argument (object)
  line 13: '->' dereference expects 1 argument (pointer)
  line 13: cannot resolve type '(* 2.0 (GetSpeed object))'
  line 13: argument 1 to function '/' failed to compile
  line 13: unknown variable '2.0'
  line 13: unknown reference '2.0'
  line 13: no native function named '2.0'
  line 13: no function named '2.0' found in this script or imported scripts
  line 13: cannot resolve type '2.0'
  unknown variable 'object'
  unknown reference 'object'
  no native function named 'object'
  no function named 'object' found in this script or imported scripts
  cannot resolve type 'object'
  unrecognized literal 'object' (expected integer, float, string, or bool)
  unresolved name 'object'
  argument 1 to function 'GetSpeed' failed to compile
  unknown variable 'object'
  unknown reference 'object'
  no native function named 'object'
  no function named 'object' found in this script or imported scripts
  cannot resolve type 'object'
  unrecognized literal 'object' (expected integer, float, string, or bool)
  unresolved name 'object'
  no function named 'GetSpeed' found in this script or imported scripts
  unknown variable 'object'
  unknown reference 'object'
  no native function named 'object'
  no function named 'object' found in this script or imported scripts
  cannot resolve type 'object'
  unrecognized literal 'object' (expected integer, float, string, or bool)
  unresolved name 'object'
  '.' -- object expression failed to compile
  unknown variable 'object'
  unknown reference 'object'
  no native function named 'object'
  no function named 'object' found in this script or imported scripts
  cannot resolve type 'object'
  unrecognized literal 'object' (expected integer, float, string, or bool)
  unresolved name 'object'
  '->' -- pointer expression failed to compile
  cannot resolve type '(GetSpeed object)'
  unknown type 'GetSpeed' for cast/conversion
  line 13: argument 2 to function '*' failed to compile
  line 13: unknown variable '2.0'
  line 13: unknown reference '2.0'
  line 13: no native function named '2.0'
  line 13: no function named '2.0' found in this script or imported scripts
  line 13: cannot resolve type '2.0'
  line 13: no function named '*' found in this script or imported scripts
  line 13: '.' field access expects 1 argument (object)
  line 13: '->' dereference expects 1 argument (pointer)
  line 13: cannot resolve type '(* 2.0 (GetSpeed object))'
  line 13: no function named '/' found in this script or imported scripts
  line 13: '.' field access expects 1 argument (object)
  line 13: '->' dereference expects 1 argument (pointer)
  line 13: cannot resolve type '(/ (* 2.0 (GetSpeed object)) (GetTopSpeed object))'
  line 13: '.' -- object expression failed to compile
  line 13: unknown variable '2.0'
  line 13: unknown reference '2.0'
  line 13: no native function named '2.0'
  line 13: no function named '2.0' found in this script or imported scripts
  line 13: cannot resolve type '2.0'
  unknown variable 'object'
  unknown reference 'object'
  no native function named 'object'
  no function named 'object' found in this script or imported scripts
  cannot resolve type 'object'
  unrecognized literal 'object' (expected integer, float, string, or bool)
  unresolved name 'object'
  argument 1 to function 'GetSpeed' failed to compile
  unknown variable 'object'
  unknown reference 'object'
  no native function named 'object'
  no function named 'object' found in this script or imported scripts
  cannot resolve type 'object'
  unrecognized literal 'object' (expected integer, float, string, or bool)
  unresolved name 'object'
  no function named 'GetSpeed' found in this script or imported scripts
  unknown variable 'object'
  unknown reference 'object'
  no native function named 'object'
  no function named 'object' found in this script or imported scripts
  cannot resolve type 'object'
  unrecognized literal 'object' (expected integer, float, string, or bool)
  unresolved name 'object'
  '.' -- object expression failed to compile
  unknown variable 'object'
  unknown reference 'object'
  no native function named 'object'
  no function named 'object' found in this script or imported scripts
  cannot resolve type 'object'
  unrecognized literal 'object' (expected integer, float, string, or bool)
  unresolved name 'object'
  '->' -- pointer expression failed to compile
  cannot resolve type '(GetSpeed object)'
  unknown type 'GetSpeed' for cast/conversion
  line 13: argument 2 to function '*' failed to compile
  line 13: unknown variable '2.0'
  line 13: unknown reference '2.0'
  line 13: no native function named '2.0'
  line 13: no function named '2.0' found in this script or imported scripts
  line 13: cannot resolve type '2.0'
  line 13: no function named '*' found in this script or imported scripts
  line 13: '.' field access expects 1 argument (object)
  line 13: '->' dereference expects 1 argument (pointer)
  line 13: cannot resolve type '(* 2.0 (GetSpeed object))'
  line 13: argument 1 to function '/' failed to compile
  line 13: unknown variable '2.0'
  line 13: unknown reference '2.0'
  line 13: no native function named '2.0'
  line 13: no function named '2.0' found in this script or imported scripts
  line 13: cannot resolve type '2.0'
  unknown variable 'object'
  unknown reference 'object'
  no native function named 'object'
  no function named 'object' found in this script or imported scripts
  cannot resolve type 'object'
  unrecognized literal 'object' (expected integer, float, string, or bool)
  unresolved name 'object'
  argument 1 to function 'GetSpeed' failed to compile
  unknown variable 'object'
  unknown reference 'object'
  no native function named 'object'
  no function named 'object' found in this script or imported scripts
  cannot resolve type 'object'
  unrecognized literal 'object' (expected integer, float, string, or bool)
  unresolved name 'object'
  no function named 'GetSpeed' found in this script or imported scripts
  unknown variable 'object'
  unknown reference 'object'
  no native function named 'object'
  no function named 'object' found in this script or imported scripts
  cannot resolve type 'object'
  unrecognized literal 'object' (expected integer, float, string, or bool)
  unresolved name 'object'
  '.' -- object expression failed to compile
  unknown variable 'object'
  unknown reference 'object'
  no native function named 'object'
  no function named 'object' found in this script or imported scripts
  cannot resolve type 'object'
  unrecognized literal 'object' (expected integer, float, string, or bool)
  unresolved name 'object'
  '->' -- pointer expression failed to compile
  cannot resolve type '(GetSpeed object)'
  unknown type 'GetSpeed' for cast/conversion
  line 13: argument 2 to function '*' failed to compile
  line 13: unknown variable '2.0'
  line 13: unknown reference '2.0'
  line 13: no native function named '2.0'
  line 13: no function named '2.0' found in this script or imported scripts
  line 13: cannot resolve type '2.0'
  line 13: no function named '*' found in this script or imported scripts
  line 13: '.' field access expects 1 argument (object)
  line 13: '->' dereference expects 1 argument (pointer)
  line 13: cannot resolve type '(* 2.0 (GetSpeed object))'
  line 13: no function named '/' found in this script or imported scripts
  line 13: '.' field access expects 1 argument (object)
  line 13: '->' dereference expects 1 argument (pointer)
  line 13: cannot resolve type '(/ (* 2.0 (GetSpeed object)) (GetTopSpeed object))'
  line 13: '->' -- pointer expression failed to compile
  line 13: cannot resolve type '(Saturate (/ (* 2.0 (GetSpeed object)) (GetTopSpeed object)))'
  line 13: unknown type 'Saturate' for cast/conversion
  line 14: unknown variable '0'
  line 14: unknown reference '0'
  line 14: no native function named '0'
  line 14: no function named '0' found in this script or imported scripts
  line 14: cannot resolve type '0'
  line 14: unknown variable '1'
  line 14: unknown reference '1'
  line 14: no native function named '1'
  line 14: no function named '1' found in this script or imported scripts
  line 14: cannot resolve type '1'
  line 14: unknown variable '0.001'
  line 14: unknown reference '0.001'
  line 14: no native function named '0.001'
  line 14: no function named '0.001' found in this script or imported scripts
  line 14: cannot resolve type '0.001'
  line 14: unknown variable '1'
  line 14: unknown reference '1'
  line 14: no native function named '1'
  line 14: no function named '1' found in this script or imported scripts
  line 14: cannot resolve type '1'
  line 14: unknown variable '1'
  line 14: unknown reference '1'
  line 14: no native function named '1'
  line 14: no function named '1' found in this script or imported scripts
  line 14: cannot resolve type '1'
  line 14: unknown variable '0.90'
  line 14: unknown reference '0.90'
  line 14: no native function named '0.90'
  line 14: no function named '0.90' found in this script or imported scripts
  line 14: cannot resolve type '0.90'
  line 14: unknown variable '0.10'
  line 14: unknown reference '0.10'
  line 14: no native function named '0.10'
  line 14: no function named '0.10' found in this script or imported scripts
  line 14: cannot resolve type '0.10'
  line 14: unknown variable 'v'
  line 14: unknown reference 'v'
  line 14: no native function named 'v'
  line 14: no function named 'v' found in this script or imported scripts
  line 14: cannot resolve type 'v'
  line 14: unrecognized literal 'v' (expected integer, float, string, or bool)
  line 14: unresolved name 'v'
  line 14: argument 2 to function '*' failed to compile
  line 14: unknown variable '0.10'
  line 14: unknown reference '0.10'
  line 14: no native function named '0.10'
  line 14: no function named '0.10' found in this script or imported scripts
  line 14: cannot resolve type '0.10'
  line 14: no function named '*' found in this script or imported scripts
  line 14: '.' field access expects 1 argument (object)
  line 14: '->' dereference expects 1 argument (pointer)
  line 14: cannot resolve type '(* 0.10 v)'
  line 14: argument 2 to function '+' failed to compile
  line 14: unknown variable '0.90'
  line 14: unknown reference '0.90'
  line 14: no native function named '0.90'
  line 14: no function named '0.90' found in this script or imported scripts
  line 14: cannot resolve type '0.90'
  line 14: no function named '+' found in this script or imported scripts
  line 14: '.' field access expects 1 argument (object)
  line 14: '->' dereference expects 1 argument (pointer)
  line 14: cannot resolve type '(+ 0.90 (* 0.10 v))'
  line 14: argument 6 to function 'Glyph_Arc' failed to compile
  line 14: unknown variable '0'
  line 14: unknown reference '0'
  line 14: no native function named '0'
  line 14: no function named '0' found in this script or imported scripts
  line 14: cannot resolve type '0'
  line 14: no function named 'Glyph_Arc' found in this script or imported scripts
  line 14: '.' field access expects 1 argument (object)
  line 14: '->' dereference expects 1 argument (pointer)
  line 14: cannot resolve type '(Glyph_Arc 0 1 0.001 1 1 (+ 0.90 (* 0.10 v)) (* 0.10 v))'
  line 14: argument 1 to function 'Draw' failed to compile
  line 14: unknown variable '0'
  line 14: unknown reference '0'
  line 14: no native function named '0'
  line 14: no function named '0' found in this script or imported scripts
  line 14: cannot resolve type '0'
  line 14: unknown variable '1'
  line 14: unknown reference '1'
  line 14: no native function named '1'
  line 14: no function named '1' found in this script or imported scripts
  line 14: cannot resolve type '1'
  line 14: unknown variable '0.001'
  line 14: unknown reference '0.001'
  line 14: no native function named '0.001'
  line 14: no function named '0.001' found in this script or imported scripts
  line 14: cannot resolve type '0.001'
  line 14: unknown variable '1'
  line 14: unknown reference '1'
  line 14: no native function named '1'
  line 14: no function named '1' found in this script or imported scripts
  line 14: cannot resolve type '1'
  line 14: unknown variable '1'
  line 14: unknown reference '1'
  line 14: no native function named '1'
  line 14: no function named '1' found in this script or imported scripts
  line 14: cannot resolve type '1'
  line 14: unknown variable '0.90'
  line 14: unknown reference '0.90'
  line 14: no native function named '0.90'
  line 14: no function named '0.90' found in this script or imported scripts
  line 14: cannot resolve type '0.90'
  line 14: unknown variable '0.10'
  line 14: unknown reference '0.10'
  line 14: no native function named '0.10'
  line 14: no function named '0.10' found in this script or imported scripts
  line 14: cannot resolve type '0.10'
  line 14: unknown variable 'v'
  line 14: unknown reference 'v'
  line 14: no native function named 'v'
  line 14: no function named 'v' found in this script or imported scripts
  line 14: cannot resolve type 'v'
  line 14: unrecognized literal 'v' (expected integer, float, string, or bool)
  line 14: unresolved name 'v'
  line 14: argument 2 to function '*' failed to compile
  line 14: unknown variable '0.10'
  line 14: unknown reference '0.10'
  line 14: no native function named '0.10'
  line 14: no function named '0.10' found in this script or imported scripts
  line 14: cannot resolve type '0.10'
  line 14: no function named '*' found in this script or imported scripts
  line 14: '.' field access expects 1 argument (object)
  line 14: '->' dereference expects 1 argument (pointer)
  line 14: cannot resolve type '(* 0.10 v)'
  line 14: argument 2 to function '+' failed to compile
  line 14: unknown variable '0.90'
  line 14: unknown reference '0.90'
  line 14: no native function named '0.90'
  line 14: no function named '0.90' found in this script or imported scripts
  line 14: cannot resolve type '0.90'
  line 14: no function named '+' found in this script or imported scripts
  line 14: '.' field access expects 1 argument (object)
  line 14: '->' dereference expects 1 argument (pointer)
  line 14: cannot resolve type '(+ 0.90 (* 0.10 v))'
  line 14: argument 6 to function 'Glyph_Arc' failed to compile
  line 14: unknown variable '0'
  line 14: unknown reference '0'
  line 14: no native function named '0'
  line 14: no function named '0' found in this script or imported scripts
  line 14: cannot resolve type '0'
  line 14: no function named 'Glyph_Arc' found in this script or imported scripts
  line 14: '.' field access expects 1 argument (object)
  line 14: '->' dereference expects 1 argument (pointer)
  line 14: cannot resolve type '(Glyph_Arc 0 1 0.001 1 1 (+ 0.90 (* 0.10 v)) (* 0.10 v))'
  line 14: no function named 'Draw' found in this script or imported scripts
  line 14: '.' field access expects 1 argument (object)
  line 14: '->' dereference expects 1 argument (pointer)
  line 14: cannot resolve type '(Draw (Glyph_Arc 0 1 0.001 1 1 (+ 0.90 (* 0.10 v)) (* 0.10 v)) (- pos offset) r1 color (* v opacity))'
  line 15: unknown variable 'Fonts:Default'
  line 15: unknown reference 'Fonts:Default'
  line 15: no native function named 'Fonts:Default'
  unknown variable 'object'
  unknown reference 'object'
  no native function named 'object'
  no function named 'object' found in this script or imported scripts
  cannot resolve type 'object'
  unrecognized literal 'object' (expected integer, float, string, or bool)
  unresolved name 'object'
  argument 1 to function 'GetSpeed' failed to compile
  unknown variable 'object'
  unknown reference 'object'
  no native function named 'object'
  no function named 'object' found in this script or imported scripts
  cannot resolve type 'object'
  unrecognized literal 'object' (expected integer, float, string, or bool)
  unresolved name 'object'
  no function named 'GetSpeed' found in this script or imported scripts
  unknown variable 'object'
  unknown reference 'object'
  no native function named 'object'
  no function named 'object' found in this script or imported scripts
  cannot resolve type 'object'
  unrecognized literal 'object' (expected integer, float, string, or bool)
  unresolved name 'object'
  '.' -- object expression failed to compile
  unknown variable 'object'
  unknown reference 'object'
  no native function named 'object'
  no function named 'object' found in this script or imported scripts
  cannot resolve type 'object'
  unrecognized literal 'object' (expected integer, float, string, or bool)
  unresolved name 'object'
  '->' -- pointer expression failed to compile
  cannot resolve type '(GetSpeed object)'
  unknown type 'GetSpeed' for cast/conversion
  line 15: argument 1 to function 'Round' failed to compile
  unknown variable 'object'
  unknown reference 'object'
  no native function named 'object'
  no function named 'object' found in this script or imported scripts
  cannot resolve type 'object'
  unrecognized literal 'object' (expected integer, float, string, or bool)
  unresolved name 'object'
  argument 1 to function 'GetSpeed' failed to compile
  unknown variable 'object'
  unknown reference 'object'
  no native function named 'object'
  no function named 'object' found in this script or imported scripts
  cannot resolve type 'object'
  unrecognized literal 'object' (expected integer, float, string, or bool)
  unresolved name 'object'
  no function named 'GetSpeed' found in this script or imported scripts
  unknown variable 'object'
  unknown reference 'object'
  no native function named 'object'
  no function named 'object' found in this script or imported scripts
  cannot resolve type 'object'
  unrecognized literal 'object' (expected integer, float, string, or bool)
  unresolved name 'object'
  '.' -- object expression failed to compile
  unknown variable 'object'
  unknown reference 'object'
  no native function named 'object'
  no function named 'object' found in this script or imported scripts
  cannot resolve type 'object'
  unrecognized literal 'object' (expected integer, float, string, or bool)
  unresolved name 'object'
  '->' -- pointer expression failed to compile
  cannot resolve type '(GetSpeed object)'
  unknown type 'GetSpeed' for cast/conversion
  line 15: no function named 'Round' found in this script or imported scripts
  unknown variable 'object'
  unknown reference 'object'
  no native function named 'object'
  no function named 'object' found in this script or imported scripts
  cannot resolve type 'object'
  unrecognized literal 'object' (expected integer, float, string, or bool)
  unresolved name 'object'
  argument 1 to function 'GetSpeed' failed to compile
  unknown variable 'object'
  unknown reference 'object'
  no native function named 'object'
  no function named 'object' found in this script or imported scripts
  cannot resolve type 'object'
  unrecognized literal 'object' (expected integer, float, string, or bool)
  unresolved name 'object'
  no function named 'GetSpeed' found in this script or imported scripts
  unknown variable 'object'
  unknown reference 'object'
  no native function named 'object'
  no function named 'object' found in this script or imported scripts
  cannot resolve type 'object'
  unrecognized literal 'object' (expected integer, float, string, or bool)
  unresolved name 'object'
  '.' -- object expression failed to compile
  unknown variable 'object'
  unknown reference 'object'
  no native function named 'object'
  no function named 'object' found in this script or imported scripts
  cannot resolve type 'object'
  unrecognized literal 'object' (expected integer, float, string, or bool)
  unresolved name 'object'
  '->' -- pointer expression failed to compile
  cannot resolve type '(GetSpeed object)'
  unknown type 'GetSpeed' for cast/conversion
  line 15: '.' -- object expression failed to compile
  unknown variable 'object'
  unknown reference 'object'
  no native function named 'object'
  no function named 'object' found in this script or imported scripts
  cannot resolve type 'object'
  unrecognized literal 'object' (expected integer, float, string, or bool)
  unresolved name 'object'
  argument 1 to function 'GetSpeed' failed to compile
  unknown variable 'object'
  unknown reference 'object'
  no native function named 'object'
  no function named 'object' found in this script or imported scripts
  cannot resolve type 'object'
  unrecognized literal 'object' (expected integer, float, string, or bool)
  unresolved name 'object'
  no function named 'GetSpeed' found in this script or imported scripts
  unknown variable 'object'
  unknown reference 'object'
  no native function named 'object'
  no function named 'object' found in this script or imported scripts
  cannot resolve type 'object'
  unrecognized literal 'object' (expected integer, float, string, or bool)
  unresolved name 'object'
  '.' -- object expression failed to compile
  unknown variable 'object'
  unknown reference 'object'
  no native function named 'object'
  no function named 'object' found in this script or imported scripts
  cannot resolve type 'object'
  unrecognized literal 'object' (expected integer, float, string, or bool)
  unresolved name 'object'
  '->' -- pointer expression failed to compile
  cannot resolve type '(GetSpeed object)'
  unknown type 'GetSpeed' for cast/conversion
  line 15: '->' -- pointer expression failed to compile
  line 15: cannot resolve type '(Round (GetSpeed object))'
  line 15: unknown type 'Round' for cast/conversion
  line 15: argument 1 to function '+' failed to compile
  unknown variable 'object'
  unknown reference 'object'
  no native function named 'object'
  no function named 'object' found in this script or imported scripts
  cannot resolve type 'object'
  unrecognized literal 'object' (expected integer, float, string, or bool)
  unresolved name 'object'
  argument 1 to function 'GetSpeed' failed to compile
  unknown variable 'object'
  unknown reference 'object'
  no native function named 'object'
  no function named 'object' found in this script or imported scripts
  cannot resolve type 'object'
  unrecognized literal 'object' (expected integer, float, string, or bool)
  unresolved name 'object'
  no function named 'GetSpeed' found in this script or imported scripts
  unknown variable 'object'
  unknown reference 'object'
  no native function named 'object'
  no function named 'object' found in this script or imported scripts
  cannot resolve type 'object'
  unrecognized literal 'object' (expected integer, float, string, or bool)
  unresolved name 'object'
  '.' -- object expression failed to compile
  unknown variable 'object'
  unknown reference 'object'
  no native function named 'object'
  no function named 'object' found in this script or imported scripts
  cannot resolve type 'object'
  unrecognized literal 'object' (expected integer, float, string, or bool)
  unresolved name 'object'
  '->' -- pointer expression failed to compile
  cannot resolve type '(GetSpeed object)'
  unknown type 'GetSpeed' for cast/conversion
  line 15: argument 1 to function 'Round' failed to compile
  unknown variable 'object'
  unknown reference 'object'
  no native function named 'object'
  no function named 'object' found in this script or imported scripts
  cannot resolve type 'object'
  unrecognized literal 'object' (expected integer, float, string, or bool)
  unresolved name 'object'
  argument 1 to function 'GetSpeed' failed to compile
  unknown variable 'object'
  unknown reference 'object'
  no native function named 'object'
  no function named 'object' found in this script or imported scripts
  cannot resolve type 'object'
  unrecognized literal 'object' (expected integer, float, string, or bool)
  unresolved name 'object'
  no function named 'GetSpeed' found in this script or imported scripts
  unknown variable 'object'
  unknown reference 'object'
  no native function named 'object'
  no function named 'object' found in this script or imported scripts
  cannot resolve type 'object'
  unrecognized literal 'object' (expected integer, float, string, or bool)
  unresolved name 'object'
  '.' -- object expression failed to compile
  unknown variable 'object'
  unknown reference 'object'
  no native function named 'object'
  no function named 'object' found in this script or imported scripts
  cannot resolve type 'object'
  unrecognized literal 'object' (expected integer, float, string, or bool)
  unresolved name 'object'
  '->' -- pointer expression failed to compile
  cannot resolve type '(GetSpeed object)'
  unknown type 'GetSpeed' for cast/conversion
  line 15: no function named 'Round' found in this script or imported scripts
  unknown variable 'object'
  unknown reference 'object'
  no native function named 'object'
  no function named 'object' found in this script or imported scripts
  cannot resolve type 'object'
  unrecognized literal 'object' (expected integer, float, string, or bool)
  unresolved name 'object'
  argument 1 to function 'GetSpeed' failed to compile
  unknown variable 'object'
  unknown reference 'object'
  no native function named 'object'
  no function named 'object' found in this script or imported scripts
  cannot resolve type 'object'
  unrecognized literal 'object' (expected integer, float, string, or bool)
  unresolved name 'object'
  no function named 'GetSpeed' found in this script or imported scripts
  unknown variable 'object'
  unknown reference 'object'
  no native function named 'object'
  no function named 'object' found in this script or imported scripts
  cannot resolve type 'object'
  unrecognized literal 'object' (expected integer, float, string, or bool)
  unresolved name 'object'
  '.' -- object expression failed to compile
  unknown variable 'object'
  unknown reference 'object'
  no native function named 'object'
  no function named 'object' found in this script or imported scripts
  cannot resolve type 'object'
  unrecognized literal 'object' (expected integer, float, string, or bool)
  unresolved name 'object'
  '->' -- pointer expression failed to compile
  cannot resolve type '(GetSpeed object)'
  unknown type 'GetSpeed' for cast/conversion
  line 15: '.' -- object expression failed to compile
  unknown variable 'object'
  unknown reference 'object'
  no native function named 'object'
  no function named 'object' found in this script or imported scripts
  cannot resolve type 'object'
  unrecognized literal 'object' (expected integer, float, string, or bool)
  unresolved name 'object'
  argument 1 to function 'GetSpeed' failed to compile
  unknown variable 'object'
  unknown reference 'object'
  no native function named 'object'
  no function named 'object' found in this script or imported scripts
  cannot resolve type 'object'
  unrecognized literal 'object' (expected integer, float, string, or bool)
  unresolved name 'object'
  no function named 'GetSpeed' found in this script or imported scripts
  unknown variable 'object'
  unknown reference 'object'
  no native function named 'object'
  no function named 'object' found in this script or imported scripts
  cannot resolve type 'object'
  unrecognized literal 'object' (expected integer, float, string, or bool)
  unresolved name 'object'
  '.' -- object expression failed to compile
  unknown variable 'object'
  unknown reference 'object'
  no native function named 'object'
  no function named 'object' found in this script or imported scripts
  cannot resolve type 'object'
  unrecognized literal 'object' (expected integer, float, string, or bool)
  unresolved name 'object'
  '->' -- pointer expression failed to compile
  cannot resolve type '(GetSpeed object)'
  unknown type 'GetSpeed' for cast/conversion
  line 15: '->' -- pointer expression failed to compile
  line 15: cannot resolve type '(Round (GetSpeed object))'
  line 15: unknown type 'Round' for cast/conversion
  line 15: no function named '+' found in this script or imported scripts
  line 15: '.' field access expects 1 argument (object)
  line 15: '->' dereference expects 1 argument (pointer)
  line 15: cannot resolve type '(+ (Round (GetSpeed object)) "m/s")'
  line 15: argument 2 to function 'DrawText' failed to compile
  line 15: unknown variable 'Fonts:Default'
  line 15: unknown reference 'Fonts:Default'
  line 15: no native function named 'Fonts:Default'
  line 15: no function named 'DrawText' found in this script or imported scripts
  line 15: '.' field access expects 1 argument (object)
  line 15: '->' dereference expects 1 argument (pointer)
  line 15: cannot resolve type '(DrawText Fonts:Default (+ (Round (GetSpeed object)) "m/s") (- (- pos offset) (Vec2 ((+ 64.0 r1)) 0)) 12 1 v false)'
  line 17: unknown variable '0'
  line 17: unknown reference '0'
  line 17: no native function named '0'
  line 17: no function named '0' found in this script or imported scripts
  line 17: cannot resolve type '0'
  line 17: unknown variable '5' (did you mean 'i'?)
  line 17: unknown reference '5' (did you mean 'i'?)
  line 17: no native function named '5'
  line 17: no function named '5' found in this script or imported scripts
  line 17: cannot resolve type '5'
  line 19: unknown variable '2Pi' (did you mean 'i'?)
  line 19: unknown reference '2Pi' (did you mean 'i'?)
  line 19: unknown variable '-0.1'
  line 19: unknown reference '-0.1'
  line 19: no native function named '-0.1'
  line 19: no function named '-0.1' found in this script or imported scripts
  line 19: cannot resolve type '-0.1'
  line 19: unknown variable '0.1' (did you mean 'i'?)
  line 19: unknown reference '0.1' (did you mean 'i'?)
  line 19: no native function named '0.1'
  line 19: no function named '0.1' found in this script or imported scripts
  line 19: cannot resolve type '0.1'
  line 19: unknown variable '4' (did you mean 'i'?)
  line 19: unknown reference '4' (did you mean 'i'?)
  line 19: no native function named '4'
  line 19: no function named '4' found in this script or imported scripts
  line 19: cannot resolve type '4'
  line 20: unknown variable 'pos' (did you mean 'i'?)
  line 20: unknown reference 'pos' (did you mean 'i'?)
  line 20: no native function named 'pos'
  line 20: no function named 'pos' found in this script or imported scripts
  line 20: cannot resolve type 'pos'
  line 20: unrecognized literal 'pos' (expected integer, float, string, or bool)
  line 20: unresolved name 'pos' (did you mean 'i'?)
  line 20: argument 1 to function '-' failed to compile
  line 20: unknown variable 'pos' (did you mean 'i'?)
  line 20: unknown reference 'pos' (did you mean 'i'?)
  line 20: no native function named 'pos'
  line 20: no function named 'pos' found in this script or imported scripts
  line 20: cannot resolve type 'pos'
  line 20: unrecognized literal 'pos' (expected integer, float, string, or bool)
  line 20: unresolved name 'pos' (did you mean 'i'?)
  line 20: no function named '-' found in this script or imported scripts
  line 20: '.' field access expects 1 argument (object)
  line 20: '->' dereference expects 1 argument (pointer)
  line 20: cannot resolve type '(- pos offset)'
  line 20: argument 1 to function '-' failed to compile
  line 20: unknown variable 'pos' (did you mean 'i'?)
  line 20: unknown reference 'pos' (did you mean 'i'?)
  line 20: no native function named 'pos'
  line 20: no function named 'pos' found in this script or imported scripts
  line 20: cannot resolve type 'pos'
  line 20: unrecognized literal 'pos' (expected integer, float, string, or bool)
  line 20: unresolved name 'pos' (did you mean 'i'?)
  line 20: argument 1 to function '-' failed to compile
  line 20: unknown variable 'pos' (did you mean 'i'?)
  line 20: unknown reference 'pos' (did you mean 'i'?)
  line 20: no native function named 'pos'
  line 20: no function named 'pos' found in this script or imported scripts
  line 20: cannot resolve type 'pos'
  line 20: unrecognized literal 'pos' (expected integer, float, string, or bool)
  line 20: unresolved name 'pos' (did you mean 'i'?)
  line 20: no function named '-' found in this script or imported scripts
  line 20: '.' field access expects 1 argument (object)
  line 20: '->' dereference expects 1 argument (pointer)
  line 20: cannot resolve type '(- pos offset)'
  line 20: no function named '-' found in this script or imported scripts
  line 20: '.' field access expects 1 argument (object)
  line 20: '->' dereference expects 1 argument (pointer)
  line 20: cannot resolve type '(- (- pos offset) (* r1 (Vec2 (Cos angle) (Sin angle))))'
  line 21: unknown variable 'p' (did you mean 'i'?)
  line 21: unknown reference 'p' (did you mean 'i'?)
  line 21: no native function named 'p'
  line 21: no function named 'p' found in this script or imported scripts
  line 21: cannot resolve type 'p'
  line 21: unrecognized literal 'p' (expected integer, float, string, or bool)
  line 21: unresolved name 'p' (did you mean 'i'?)
  line 21: argument 1 to function 'Glyph_LineFade' failed to compile
  line 21: unknown variable 'p' (did you mean 'i'?)
  line 21: unknown reference 'p' (did you mean 'i'?)
  line 21: no native function named 'p'
  line 21: no function named 'p' found in this script or imported scripts
  line 21: cannot resolve type 'p'
  line 21: unrecognized literal 'p' (expected integer, float, string, or bool)
  line 21: unresolved name 'p' (did you mean 'i'?)
  line 21: no function named 'Glyph_LineFade' found in this script or imported scripts
  line 21: '.' field access expects 1 argument (object)
  line 21: '->' dereference expects 1 argument (pointer)
  line 21: cannot resolve type '(Glyph_LineFade p (- p (Vec2 8 0)) 1 1)'
  line 21: argument 1 to function 'Draw' failed to compile
  line 21: unknown variable 'p' (did you mean 'i'?)
  line 21: unknown reference 'p' (did you mean 'i'?)
  line 21: no native function named 'p'
  line 21: no function named 'p' found in this script or imported scripts
  line 21: cannot resolve type 'p'
  line 21: unrecognized literal 'p' (expected integer, float, string, or bool)
  line 21: unresolved name 'p' (did you mean 'i'?)
  line 21: argument 1 to function 'Glyph_LineFade' failed to compile
  line 21: unknown variable 'p' (did you mean 'i'?)
  line 21: unknown reference 'p' (did you mean 'i'?)
  line 21: no native function named 'p'
  line 21: no function named 'p' found in this script or imported scripts
  line 21: cannot resolve type 'p'
  line 21: unrecognized literal 'p' (expected integer, float, string, or bool)
  line 21: unresolved name 'p' (did you mean 'i'?)
  line 21: no function named 'Glyph_LineFade' found in this script or imported scripts
  line 21: '.' field access expects 1 argument (object)
  line 21: '->' dereference expects 1 argument (pointer)
  line 21: cannot resolve type '(Glyph_LineFade p (- p (Vec2 8 0)) 1 1)'
  line 21: no function named 'Draw' found in this script or imported scripts
  line 21: '.' field access expects 1 argument (object)
  line 21: '->' dereference expects 1 argument (pointer)
  line 21: cannot resolve type '(Draw (Glyph_LineFade p (- p (Vec2 8 0)) 1 1) 0 1 color (alpha self))'
  unknown variable 'object'
  unknown reference 'object'
  no native function named 'object'
  no function named 'object' found in this script or imported scripts
  cannot resolve type 'object'
  unrecognized literal 'object' (expected integer, float, string, or bool)
  unresolved name 'object'
  argument 1 to function 'GetHealthNormalized' failed to compile
  unknown variable 'object'
  unknown reference 'object'
  no native function named 'object'
  no function named 'object' found in this script or imported scripts
  cannot resolve type 'object'
  unrecognized literal 'object' (expected integer, float, string, or bool)
  unresolved name 'object'
  no function named 'GetHealthNormalized' found in this script or imported scripts
  unknown variable 'object'
  unknown reference 'object'
  no native function named 'object'
  no function named 'object' found in this script or imported scripts
  cannot resolve type 'object'
  unrecognized literal 'object' (expected integer, float, string, or bool)
  unresolved name 'object'
  '.' -- object expression failed to compile
  unknown variable 'object'
  unknown reference 'object'
  no native function named 'object'
  no function named 'object' found in this script or imported scripts
  cannot resolve type 'object'
  unrecognized literal 'object' (expected integer, float, string, or bool)
  unresolved name 'object'
  '->' -- pointer expression failed to compile
  cannot resolve type '(GetHealthNormalized object)'
  unknown type 'GetHealthNormalized' for cast/conversion
  line 16: unknown variable '2.0'
  line 16: unknown reference '2.0'
  line 16: no native function named '2.0'
  line 16: no function named '2.0' found in this script or imported scripts
  line 16: cannot resolve type '2.0'
  line 16: unknown variable 'Colors:Bad'
  line 16: unknown reference 'Colors:Bad'
  line 16: no native function named 'Colors:Bad'
  line 16: unknown variable 'Colors:Good'
  line 16: unknown reference 'Colors:Good'
  line 16: no native function named 'Colors:Good'
  line 16: unknown variable 'h'
  line 16: unknown reference 'h'
  line 16: no native function named 'h'
  line 16: no function named 'h' found in this script or imported scripts
  line 16: cannot resolve type 'h'
  line 16: unrecognized literal 'h' (expected integer, float, string, or bool)
  line 16: unresolved name 'h'
  line 16: argument 1 to function '*' failed to compile
  line 16: unknown variable 'h'
  line 16: unknown reference 'h'
  line 16: no native function named 'h'
  line 16: no function named 'h' found in this script or imported scripts
  line 16: cannot resolve type 'h'
  line 16: unrecognized literal 'h' (expected integer, float, string, or bool)
  line 16: unresolved name 'h'
  line 16: no function named '*' found in this script or imported scripts
  line 16: '.' field access expects 1 argument (object)
  line 16: '->' dereference expects 1 argument (pointer)
  line 16: cannot resolve type '(* h h)'
  line 16: argument 3 to function 'Mix' failed to compile
  line 16: unknown variable 'Colors:Bad'
  line 16: unknown reference 'Colors:Bad'
  line 16: no native function named 'Colors:Bad'
  line 16: no function named 'Mix' found in this script or imported scripts
  line 16: '.' field access expects 1 argument (object)
  line 16: '->' dereference expects 1 argument (pointer)
  line 16: cannot resolve type '(Mix Colors:Bad Colors:Good (* h h))'
  line 16: argument 2 to function '*' failed to compile
  line 16: unknown variable '2.0'
  line 16: unknown reference '2.0'
  line 16: no native function named '2.0'
  line 16: no function named '2.0' found in this script or imported scripts
  line 16: cannot resolve type '2.0'
  line 16: no function named '*' found in this script or imported scripts
  line 16: '.' field access expects 1 argument (object)
  line 16: '->' dereference expects 1 argument (pointer)
  line 16: cannot resolve type '(* 2.0 (Mix Colors:Bad Colors:Good (* h h)))'
  line 19: unknown variable '0'
  line 19: unknown reference '0'
  line 19: no native function named '0'
  line 19: no function named '0' found in this script or imported scripts
  line 19: cannot resolve type '0'
  line 19: unknown variable '1'
  line 19: unknown reference '1'
  line 19: no native function named '1'
  line 19: no function named '1' found in this script or imported scripts
  line 19: cannot resolve type '1'
  line 19: unknown variable '0.001'
  line 19: unknown reference '0.001'
  line 19: no native function named '0.001'
  line 19: no function named '0.001' found in this script or imported scripts
  line 19: cannot resolve type '0.001'
  line 19: unknown variable '1'
  line 19: unknown reference '1'
  line 19: no native function named '1'
  line 19: no function named '1' found in this script or imported scripts
  line 19: cannot resolve type '1'
  line 19: unknown variable '1'
  line 19: unknown reference '1'
  line 19: no native function named '1'
  line 19: no function named '1' found in this script or imported scripts
  line 19: cannot resolve type '1'
  line 19: unknown variable '0.6'
  line 19: unknown reference '0.6'
  line 19: no native function named '0.6'
  line 19: no function named '0.6' found in this script or imported scripts
  line 19: cannot resolve type '0.6'
  line 19: unknown variable '0.1'
  line 19: unknown reference '0.1'
  line 19: no native function named '0.1'
  line 19: no function named '0.1' found in this script or imported scripts
  line 19: cannot resolve type '0.1'
  line 19: unknown variable 'h'
  line 19: unknown reference 'h'
  line 19: no native function named 'h'
  line 19: no function named 'h' found in this script or imported scripts
  line 19: cannot resolve type 'h'
  line 19: unrecognized literal 'h' (expected integer, float, string, or bool)
  line 19: unresolved name 'h'
  line 19: argument 2 to function '*' failed to compile
  line 19: unknown variable '0.1'
  line 19: unknown reference '0.1'
  line 19: no native function named '0.1'
  line 19: no function named '0.1' found in this script or imported scripts
  line 19: cannot resolve type '0.1'
  line 19: no function named '*' found in this script or imported scripts
  line 19: '.' field access expects 1 argument (object)
  line 19: '->' dereference expects 1 argument (pointer)
  line 19: cannot resolve type '(* 0.1 h)'
  line 19: argument 2 to function '-' failed to compile
  line 19: unknown variable '0.6'
  line 19: unknown reference '0.6'
  line 19: no native function named '0.6'
  line 19: no function named '0.6' found in this script or imported scripts
  line 19: cannot resolve type '0.6'
  line 19: no function named '-' found in this script or imported scripts
  line 19: '.' field access expects 1 argument (object)
  line 19: '->' dereference expects 1 argument (pointer)
  line 19: cannot resolve type '(- 0.6 (* 0.1 h))'
  line 19: argument 6 to function 'Glyph_Arc' failed to compile
  line 19: unknown variable '0'
  line 19: unknown reference '0'
  line 19: no native function named '0'
  line 19: no function named '0' found in this script or imported scripts
  line 19: cannot resolve type '0'
  line 19: no function named 'Glyph_Arc' found in this script or imported scripts
  line 19: '.' field access expects 1 argument (object)
  line 19: '->' dereference expects 1 argument (pointer)
  line 19: cannot resolve type '(Glyph_Arc 0 1 0.001 1 1 (- 0.6 (* 0.1 h)) (* 0.1 h))'
  line 17: argument 1 to function 'Draw' failed to compile
  line 19: unknown variable '0'
  line 19: unknown reference '0'
  line 19: no native function named '0'
  line 19: no function named '0' found in this script or imported scripts
  line 19: cannot resolve type '0'
  line 19: unknown variable '1'
  line 19: unknown reference '1'
  line 19: no native function named '1'
  line 19: no function named '1' found in this script or imported scripts
  line 19: cannot resolve type '1'
  line 19: unknown variable '0.001'
  line 19: unknown reference '0.001'
  line 19: no native function named '0.001'
  line 19: no function named '0.001' found in this script or imported scripts
  line 19: cannot resolve type '0.001'
  line 19: unknown variable '1'
  line 19: unknown reference '1'
  line 19: no native function named '1'
  line 19: no function named '1' found in this script or imported scripts
  line 19: cannot resolve type '1'
  line 19: unknown variable '1'
  line 19: unknown reference '1'
  line 19: no native function named '1'
  line 19: no function named '1' found in this script or imported scripts
  line 19: cannot resolve type '1'
  line 19: unknown variable '0.6'
  line 19: unknown reference '0.6'
  line 19: no native function named '0.6'
  line 19: no function named '0.6' found in this script or imported scripts
  line 19: cannot resolve type '0.6'
  line 19: unknown variable '0.1'
  line 19: unknown reference '0.1'
  line 19: no native function named '0.1'
  line 19: no function named '0.1' found in this script or imported scripts
  line 19: cannot resolve type '0.1'
  line 19: unknown variable 'h'
  line 19: unknown reference 'h'
  line 19: no native function named 'h'
  line 19: no function named 'h' found in this script or imported scripts
  line 19: cannot resolve type 'h'
  line 19: unrecognized literal 'h' (expected integer, float, string, or bool)
  line 19: unresolved name 'h'
  line 19: argument 2 to function '*' failed to compile
  line 19: unknown variable '0.1'
  line 19: unknown reference '0.1'
  line 19: no native function named '0.1'
  line 19: no function named '0.1' found in this script or imported scripts
  line 19: cannot resolve type '0.1'
  line 19: no function named '*' found in this script or imported scripts
  line 19: '.' field access expects 1 argument (object)
  line 19: '->' dereference expects 1 argument (pointer)
  line 19: cannot resolve type '(* 0.1 h)'
  line 19: argument 2 to function '-' failed to compile
  line 19: unknown variable '0.6'
  line 19: unknown reference '0.6'
  line 19: no native function named '0.6'
  line 19: no function named '0.6' found in this script or imported scripts
  line 19: cannot resolve type '0.6'
  line 19: no function named '-' found in this script or imported scripts
  line 19: '.' field access expects 1 argument (object)
  line 19: '->' dereference expects 1 argument (pointer)
  line 19: cannot resolve type '(- 0.6 (* 0.1 h))'
  line 19: argument 6 to function 'Glyph_Arc' failed to compile
  line 19: unknown variable '0'
  line 19: unknown reference '0'
  line 19: no native function named '0'
  line 19: no function named '0' found in this script or imported scripts
  line 19: cannot resolve type '0'
  line 19: no function named 'Glyph_Arc' found in this script or imported scripts
  line 19: '.' field access expects 1 argument (object)
  line 19: '->' dereference expects 1 argument (pointer)
  line 19: cannot resolve type '(Glyph_Arc 0 1 0.001 1 1 (- 0.6 (* 0.1 h)) (* 0.1 h))'
  line 17: no function named 'Draw' found in this script or imported scripts
  line 17: '.' field access expects 1 argument (object)
  line 17: '->' dereference expects 1 argument (pointer)
  line 17: cannot resolve type '(Draw (Glyph_Arc 0 1 0.001 1 1 (- 0.6 (* 0.1 h)) (* 0.1 h)) ((+ pos offset)) r1 color opacity)'
  line 19: unknown variable '0'
  line 19: unknown reference '0'
  line 19: no native function named '0'
  line 19: no function named '0' found in this script or imported scripts
  line 19: cannot resolve type '0'
  line 19: unknown variable '5' (did you mean 'i'?)
  line 19: unknown reference '5' (did you mean 'i'?)
  line 19: no native function named '5'
  line 19: no function named '5' found in this script or imported scripts
  line 19: cannot resolve type '5'
  line 21: unknown variable '2Pi' (did you mean 'i'?)
  line 21: unknown reference '2Pi' (did you mean 'i'?)
  line 21: unknown variable '0.1' (did you mean 'i'?)
  line 21: unknown reference '0.1' (did you mean 'i'?)
  line 21: no native function named '0.1'
  line 21: no function named '0.1' found in this script or imported scripts
  line 21: cannot resolve type '0.1'
  line 21: unknown variable '-0.1'
  line 21: unknown reference '-0.1'
  line 21: no native function named '-0.1'
  line 21: no function named '-0.1' found in this script or imported scripts
  line 21: cannot resolve type '-0.1'
  line 21: unknown variable '4' (did you mean 'i'?)
  line 21: unknown reference '4' (did you mean 'i'?)
  line 21: no native function named '4'
  line 21: no function named '4' found in this script or imported scripts
  line 21: cannot resolve type '4'
  line 22: unknown variable 'pos' (did you mean 'i'?)
  line 22: unknown reference 'pos' (did you mean 'i'?)
  line 22: no native function named 'pos'
  line 22: no function named 'pos' found in this script or imported scripts
  line 22: cannot resolve type 'pos'
  line 22: unrecognized literal 'pos' (expected integer, float, string, or bool)
  line 22: unresolved name 'pos' (did you mean 'i'?)
  line 22: argument 1 to function '+' failed to compile
  line 22: unknown variable 'pos' (did you mean 'i'?)
  line 22: unknown reference 'pos' (did you mean 'i'?)
  line 22: no native function named 'pos'
  line 22: no function named 'pos' found in this script or imported scripts
  line 22: cannot resolve type 'pos'
  line 22: unrecognized literal 'pos' (expected integer, float, string, or bool)
  line 22: unresolved name 'pos' (did you mean 'i'?)
  line 22: no function named '+' found in this script or imported scripts
  line 22: '.' field access expects 1 argument (object)
  line 22: '->' dereference expects 1 argument (pointer)
  line 22: cannot resolve type '(+ pos offset)'
  line 22: argument 1 to function '+' failed to compile
  line 22: unknown variable 'pos' (did you mean 'i'?)
  line 22: unknown reference 'pos' (did you mean 'i'?)
  line 22: no native function named 'pos'
  line 22: no function named 'pos' found in this script or imported scripts
  line 22: cannot resolve type 'pos'
  line 22: unrecognized literal 'pos' (expected integer, float, string, or bool)
  line 22: unresolved name 'pos' (did you mean 'i'?)
  line 22: argument 1 to function '+' failed to compile
  line 22: unknown variable 'pos' (did you mean 'i'?)
  line 22: unknown reference 'pos' (did you mean 'i'?)
  line 22: no native function named 'pos'
  line 22: no function named 'pos' found in this script or imported scripts
  line 22: cannot resolve type 'pos'
  line 22: unrecognized literal 'pos' (expected integer, float, string, or bool)
  line 22: unresolved name 'pos' (did you mean 'i'?)
  line 22: no function named '+' found in this script or imported scripts
  line 22: '.' field access expects 1 argument (object)
  line 22: '->' dereference expects 1 argument (pointer)
  line 22: cannot resolve type '(+ pos offset)'
  line 22: no function named '+' found in this script or imported scripts
  line 22: '.' field access expects 1 argument (object)
  line 22: '->' dereference expects 1 argument (pointer)
  line 22: cannot resolve type '(+ (+ pos offset) (* r1 (Vec2 (Cos angle) (Sin angle))))'
  line 23: unknown variable 'p' (did you mean 'i'?)
  line 23: unknown reference 'p' (did you mean 'i'?)
  line 23: no native function named 'p'
  line 23: no function named 'p' found in this script or imported scripts
  line 23: cannot resolve type 'p'
  line 23: unrecognized literal 'p' (expected integer, float, string, or bool)
  line 23: unresolved name 'p' (did you mean 'i'?)
  line 23: argument 1 to function 'Glyph_LineFade' failed to compile
  line 23: unknown variable 'p' (did you mean 'i'?)
  line 23: unknown reference 'p' (did you mean 'i'?)
  line 23: no native function named 'p'
  line 23: no function named 'p' found in this script or imported scripts
  line 23: cannot resolve type 'p'
  line 23: unrecognized literal 'p' (expected integer, float, string, or bool)
  line 23: unresolved name 'p' (did you mean 'i'?)
  line 23: no function named 'Glyph_LineFade' found in this script or imported scripts
  line 23: '.' field access expects 1 argument (object)
  line 23: '->' dereference expects 1 argument (pointer)
  line 23: cannot resolve type '(Glyph_LineFade p (+ p (Vec2 8 0)) 1 1)'
  line 23: argument 1 to function 'Draw' failed to compile
  line 23: unknown variable 'p' (did you mean 'i'?)
  line 23: unknown reference 'p' (did you mean 'i'?)
  line 23: no native function named 'p'
  line 23: no function named 'p' found in this script or imported scripts
  line 23: cannot resolve type 'p'
  line 23: unrecognized literal 'p' (expected integer, float, string, or bool)
  line 23: unresolved name 'p' (did you mean 'i'?)
  line 23: argument 1 to function 'Glyph_LineFade' failed to compile
  line 23: unknown variable 'p' (did you mean 'i'?)
  line 23: unknown reference 'p' (did you mean 'i'?)
  line 23: no native function named 'p'
  line 23: no function named 'p' found in this script or imported scripts
  line 23: cannot resolve type 'p'
  line 23: unrecognized literal 'p' (expected integer, float, string, or bool)
  line 23: unresolved name 'p' (did you mean 'i'?)
  line 23: no function named 'Glyph_LineFade' found in this script or imported scripts
  line 23: '.' field access expects 1 argument (object)
  line 23: '->' dereference expects 1 argument (pointer)
  line 23: cannot resolve type '(Glyph_LineFade p (+ p (Vec2 8 0)) 1 1)'
  line 23: no function named 'Draw' found in this script or imported scripts
  line 23: '.' field access expects 1 argument (object)
  line 23: '->' dereference expects 1 argument (pointer)
  line 23: cannot resolve type '(Draw (Glyph_LineFade p (+ p (Vec2 8 0)) 1 1) 0 1 color (alpha self))'
  line 24: unknown variable '100.0'
  line 24: unknown reference '100.0'
  line 24: no native function named '100.0'
  line 24: no function named '100.0' found in this script or imported scripts
  line 24: cannot resolve type '100.0'
  no native function named ''
  no function named '' found in this script or imported scripts
  '.' field access expects 1 argument (object)
  '->' dereference expects 1 argument (pointer)
  cannot resolve type '((/ i 4))'
  line 24: unknown variable '4' (did you mean 'i'?)
  line 24: unknown reference '4' (did you mean 'i'?)
  line 24: no native function named '4'
  line 24: no function named '4' found in this script or imported scripts
  line 24: cannot resolve type '4'
  line 25: unknown variable 'Fonts:Heading'
  line 25: unknown reference 'Fonts:Heading'
  line 25: no native function named 'Fonts:Heading'
  line 25: unknown variable '"%"' (did you mean 'i'?)
  line 25: unknown reference '"%"' (did you mean 'i'?)
  line 25: no native function named '"%"'
  line 25: no function named '"%"' found in this script or imported scripts
  line 25: cannot resolve type '"%"'
  line 25: unknown variable 'p' (did you mean 'i'?)
  line 25: unknown reference 'p' (did you mean 'i'?)
  line 25: no native function named 'p'
  line 25: no function named 'p' found in this script or imported scripts
  line 25: cannot resolve type 'p'
  line 25: unrecognized literal 'p' (expected integer, float, string, or bool)
  line 25: unresolved name 'p' (did you mean 'i'?)
  line 25: argument 1 to function '+' failed to compile
  line 25: unknown variable 'p' (did you mean 'i'?)
  line 25: unknown reference 'p' (did you mean 'i'?)
  line 25: no native function named 'p'
  line 25: no function named 'p' found in this script or imported scripts
  line 25: cannot resolve type 'p'
  line 25: unrecognized literal 'p' (expected integer, float, string, or bool)
  line 25: unresolved name 'p' (did you mean 'i'?)
  line 25: no function named '+' found in this script or imported scripts
  line 25: '.' field access expects 1 argument (object)
  line 25: '->' dereference expects 1 argument (pointer)
  line 25: cannot resolve type '(+ p (Vec2 24 0))'
  line 25: argument 3 to function 'DrawText' failed to compile
  line 25: unknown variable 'Fonts:Heading'
  line 25: unknown reference 'Fonts:Heading'
  line 25: no native function named 'Fonts:Heading'
  line 25: no function named 'DrawText' found in this script or imported scripts
  line 25: '.' field access expects 1 argument (object)
  line 25: '->' dereference expects 1 argument (pointer)
  line 25: cannot resolve type '(DrawText Fonts:Heading (+ percent "%") (+ p (Vec2 24 0)) 12 1.0 (* 0.5 (alpha self)) false)'
  line 17: unknown variable '1.0'
  line 17: unknown reference '1.0'
  line 17: no native function named '1.0'
  line 17: no function named '1.0' found in this script or imported scripts
  line 17: cannot resolve type '1.0'
  no native function named 'x'
  unknown variable 'object'
  unknown reference 'object'
  no native function named 'object'
  no function named 'object' found in this script or imported scripts
  cannot resolve type 'object'
  unrecognized literal 'object' (expected integer, float, string, or bool)
  unresolved name 'object'
  argument 1 to function 'GetVelocityAngular' failed to compile
  unknown variable 'object'
  unknown reference 'object'
  no native function named 'object'
  no function named 'object' found in this script or imported scripts
  cannot resolve type 'object'
  unrecognized literal 'object' (expected integer, float, string, or bool)
  unresolved name 'object'
  no function named 'GetVelocityAngular' found in this script or imported scripts
  unknown variable 'object'
  unknown reference 'object'
  no native function named 'object'
  no function named 'object' found in this script or imported scripts
  cannot resolve type 'object'
  unrecognized literal 'object' (expected integer, float, string, or bool)
  unresolved name 'object'
  '.' -- object expression failed to compile
  unknown variable 'object'
  unknown reference 'object'
  no native function named 'object'
  no function named 'object' found in this script or imported scripts
  cannot resolve type 'object'
  unrecognized literal 'object' (expected integer, float, string, or bool)
  unresolved name 'object'
  '->' -- pointer expression failed to compile
  cannot resolve type '(GetVelocityAngular object)'
  unknown type 'GetVelocityAngular' for cast/conversion
  no function named 'x' found in this script or imported scripts
  unknown variable 'object'
  unknown reference 'object'
  no native function named 'object'
  no function named 'object' found in this script or imported scripts
  cannot resolve type 'object'
  unrecognized literal 'object' (expected integer, float, string, or bool)
  unresolved name 'object'
  argument 1 to function 'GetVelocityAngular' failed to compile
  unknown variable 'object'
  unknown reference 'object'
  no native function named 'object'
  no function named 'object' found in this script or imported scripts
  cannot resolve type 'object'
  unrecognized literal 'object' (expected integer, float, string, or bool)
  unresolved name 'object'
  no function named 'GetVelocityAngular' found in this script or imported scripts
  unknown variable 'object'
  unknown reference 'object'
  no native function named 'object'
  no function named 'object' found in this script or imported scripts
  cannot resolve type 'object'
  unrecognized literal 'object' (expected integer, float, string, or bool)
  unresolved name 'object'
  '.' -- object expression failed to compile
  unknown variable 'object'
  unknown reference 'object'
  no native function named 'object'
  no function named 'object' found in this script or imported scripts
  cannot resolve type 'object'
  unrecognized literal 'object' (expected integer, float, string, or bool)
  unresolved name 'object'
  '->' -- pointer expression failed to compile
  cannot resolve type '(GetVelocityAngular object)'
  unknown type 'GetVelocityAngular' for cast/conversion
  '.' -- object expression failed to compile
  unknown variable 'object'
  unknown reference 'object'
  no native function named 'object'
  no function named 'object' found in this script or imported scripts
  cannot resolve type 'object'
  unrecognized literal 'object' (expected integer, float, string, or bool)
  unresolved name 'object'
  argument 1 to function 'GetVelocityAngular' failed to compile
  unknown variable 'object'
  unknown reference 'object'
  no native function named 'object'
  no function named 'object' found in this script or imported scripts
  cannot resolve type 'object'
  unrecognized literal 'object' (expected integer, float, string, or bool)
  unresolved name 'object'
  no function named 'GetVelocityAngular' found in this script or imported scripts
  unknown variable 'object'
  unknown reference 'object'
  no native function named 'object'
  no function named 'object' found in this script or imported scripts
  cannot resolve type 'object'
  unrecognized literal 'object' (expected integer, float, string, or bool)
  unresolved name 'object'
  '.' -- object expression failed to compile
  unknown variable 'object'
  unknown reference 'object'
  no native function named 'object'
  no function named 'object' found in this script or imported scripts
  cannot resolve type 'object'
  unrecognized literal 'object' (expected integer, float, string, or bool)
  unresolved name 'object'
  '->' -- pointer expression failed to compile
  cannot resolve type '(GetVelocityAngular object)'
  unknown type 'GetVelocityAngular' for cast/conversion
  '->' -- pointer expression failed to compile
  cannot resolve type '(x (GetVelocityAngular object))'
  unknown type 'x' for cast/conversion
  line 17: argument 1 to function 'Abs' failed to compile
  no native function named 'x'
  unknown variable 'object'
  unknown reference 'object'
  no native function named 'object'
  no function named 'object' found in this script or imported scripts
  cannot resolve type 'object'
  unrecognized literal 'object' (expected integer, float, string, or bool)
  unresolved name 'object'
  argument 1 to function 'GetVelocityAngular' failed to compile
  unknown variable 'object'
  unknown reference 'object'
  no native function named 'object'
  no function named 'object' found in this script or imported scripts
  cannot resolve type 'object'
  unrecognized literal 'object' (expected integer, float, string, or bool)
  unresolved name 'object'
  no function named 'GetVelocityAngular' found in this script or imported scripts
  unknown variable 'object'
  unknown reference 'object'
  no native function named 'object'
  no function named 'object' found in this script or imported scripts
  cannot resolve type 'object'
  unrecognized literal 'object' (expected integer, float, string, or bool)
  unresolved name 'object'
  '.' -- object expression failed to compile
  unknown variable 'object'
  unknown reference 'object'
  no native function named 'object'
  no function named 'object' found in this script or imported scripts
  cannot resolve type 'object'
  unrecognized literal 'object' (expected integer, float, string, or bool)
  unresolved name 'object'
  '->' -- pointer expression failed to compile
  cannot resolve type '(GetVelocityAngular object)'
  unknown type 'GetVelocityAngular' for cast/conversion
  no function named 'x' found in this script or imported scripts
  unknown variable 'object'
  unknown reference 'object'
  no native function named 'object'
  no function named 'object' found in this script or imported scripts
  cannot resolve type 'object'
  unrecognized literal 'object' (expected integer, float, string, or bool)
  unresolved name 'object'
  argument 1 to function 'GetVelocityAngular' failed to compile
  unknown variable 'object'
  unknown reference 'object'
  no native function named 'object'
  no function named 'object' found in this script or imported scripts
  cannot resolve type 'object'
  unrecognized literal 'object' (expected integer, float, string, or bool)
  unresolved name 'object'
  no function named 'GetVelocityAngular' found in this script or imported scripts
  unknown variable 'object'
  unknown reference 'object'
  no native function named 'object'
  no function named 'object' found in this script or imported scripts
  cannot resolve type 'object'
  unrecognized literal 'object' (expected integer, float, string, or bool)
  unresolved name 'object'
  '.' -- object expression failed to compile
  unknown variable 'object'
  unknown reference 'object'
  no native function named 'object'
  no function named 'object' found in this script or imported scripts
  cannot resolve type 'object'
  unrecognized literal 'object' (expected integer, float, string, or bool)
  unresolved name 'object'
  '->' -- pointer expression failed to compile
  cannot resolve type '(GetVelocityAngular object)'
  unknown type 'GetVelocityAngular' for cast/conversion
  '.' -- object expression failed to compile
  unknown variable 'object'
  unknown reference 'object'
  no native function named 'object'
  no function named 'object' found in this script or imported scripts
  cannot resolve type 'object'
  unrecognized literal 'object' (expected integer, float, string, or bool)
  unresolved name 'object'
  argument 1 to function 'GetVelocityAngular' failed to compile
  unknown variable 'object'
  unknown reference 'object'
  no native function named 'object'
  no function named 'object' found in this script or imported scripts
  cannot resolve type 'object'
  unrecognized literal 'object' (expected integer, float, string, or bool)
  unresolved name 'object'
  no function named 'GetVelocityAngular' found in this script or imported scripts
  unknown variable 'object'
  unknown reference 'object'
  no native function named 'object'
  no function named 'object' found in this script or imported scripts
  cannot resolve type 'object'
  unrecognized literal 'object' (expected integer, float, string, or bool)
  unresolved name 'object'
  '.' -- object expression failed to compile
  unknown variable 'object'
  unknown reference 'object'
  no native function named 'object'
  no function named 'object' found in this script or imported scripts
  cannot resolve type 'object'
  unrecognized literal 'object' (expected integer, float, string, or bool)
  unresolved name 'object'
  '->' -- pointer expression failed to compile
  cannot resolve type '(GetVelocityAngular object)'
  unknown type 'GetVelocityAngular' for cast/conversion
  '->' -- pointer expression failed to compile
  cannot resolve type '(x (GetVelocityAngular object))'
  unknown type 'x' for cast/conversion
  line 17: no function named 'Abs' found in this script or imported scripts
  no native function named 'x'
  unknown variable 'object'
  unknown reference 'object'
  no native function named 'object'
  no function named 'object' found in this script or imported scripts
  cannot resolve type 'object'
  unrecognized literal 'object' (expected integer, float, string, or bool)
  unresolved name 'object'
  argument 1 to function 'GetVelocityAngular' failed to compile
  unknown variable 'object'
  unknown reference 'object'
  no native function named 'object'
  no function named 'object' found in this script or imported scripts
  cannot resolve type 'object'
  unrecognized literal 'object' (expected integer, float, string, or bool)
  unresolved name 'object'
  no function named 'GetVelocityAngular' found in this script or imported scripts
  unknown variable 'object'
  unknown reference 'object'
  no native function named 'object'
  no function named 'object' found in this script or imported scripts
  cannot resolve type 'object'
  unrecognized literal 'object' (expected integer, float, string, or bool)
  unresolved name 'object'
  '.' -- object expression failed to compile
  unknown variable 'object'
  unknown reference 'object'
  no native function named 'object'
  no function named 'object' found in this script or imported scripts
  cannot resolve type 'object'
  unrecognized literal 'object' (expected integer, float, string, or bool)
  unresolved name 'object'
  '->' -- pointer expression failed to compile
  cannot resolve type '(GetVelocityAngular object)'
  unknown type 'GetVelocityAngular' for cast/conversion
  no function named 'x' found in this script or imported scripts
  unknown variable 'object'
  unknown reference 'object'
  no native function named 'object'
  no function named 'object' found in this script or imported scripts
  cannot resolve type 'object'
  unrecognized literal 'object' (expected integer, float, string, or bool)
  unresolved name 'object'
  argument 1 to function 'GetVelocityAngular' failed to compile
  unknown variable 'object'
  unknown reference 'object'
  no native function named 'object'
  no function named 'object' found in this script or imported scripts
  cannot resolve type 'object'
  unrecognized literal 'object' (expected integer, float, string, or bool)
  unresolved name 'object'
  no function named 'GetVelocityAngular' found in this script or imported scripts
  unknown variable 'object'
  unknown reference 'object'
  no native function named 'object'
  no function named 'object' found in this script or imported scripts
  cannot resolve type 'object'
  unrecognized literal 'object' (expected integer, float, string, or bool)
  unresolved name 'object'
  '.' -- object expression failed to compile
  unknown variable 'object'
  unknown reference 'object'
  no native function named 'object'
  no function named 'object' found in this script or imported scripts
  cannot resolve type 'object'
  unrecognized literal 'object' (expected integer, float, string, or bool)
  unresolved name 'object'
  '->' -- pointer expression failed to compile
  cannot resolve type '(GetVelocityAngular object)'
  unknown type 'GetVelocityAngular' for cast/conversion
  '.' -- object expression failed to compile
  unknown variable 'object'
  unknown reference 'object'
  no native function named 'object'
  no function named 'object' found in this script or imported scripts
  cannot resolve type 'object'
  unrecognized literal 'object' (expected integer, float, string, or bool)
  unresolved name 'object'
  argument 1 to function 'GetVelocityAngular' failed to compile
  unknown variable 'object'
  unknown reference 'object'
  no native function named 'object'
  no function named 'object' found in this script or imported scripts
  cannot resolve type 'object'
  unrecognized literal 'object' (expected integer, float, string, or bool)
  unresolved name 'object'
  no function named 'GetVelocityAngular' found in this script or imported scripts
  unknown variable 'object'
  unknown reference 'object'
  no native function named 'object'
  no function named 'object' found in this script or imported scripts
  cannot resolve type 'object'
  unrecognized literal 'object' (expected integer, float, string, or bool)
  unresolved name 'object'
  '.' -- object expression failed to compile
  unknown variable 'object'
  unknown reference 'object'
  no native function named 'object'
  no function named 'object' found in this script or imported scripts
  cannot resolve type 'object'
  unrecognized literal 'object' (expected integer, float, string, or bool)
  unresolved name 'object'
  '->' -- pointer expression failed to compile
  cannot resolve type '(GetVelocityAngular object)'
  unknown type 'GetVelocityAngular' for cast/conversion
  '->' -- pointer expression failed to compile
  cannot resolve type '(x (GetVelocityAngular object))'
  unknown type 'x' for cast/conversion
  line 17: '.' -- object expression failed to compile
  no native function named 'x'
  unknown variable 'object'
  unknown reference 'object'
  no native function named 'object'
  no function named 'object' found in this script or imported scripts
  cannot resolve type 'object'
  unrecognized literal 'object' (expected integer, float, string, or bool)
  unresolved name 'object'
  argument 1 to function 'GetVelocityAngular' failed to compile
  unknown variable 'object'
  unknown reference 'object'
  no native function named 'object'
  no function named 'object' found in this script or imported scripts
  cannot resolve type 'object'
  unrecognized literal 'object' (expected integer, float, string, or bool)
  unresolved name 'object'
  no function named 'GetVelocityAngular' found in this script or imported scripts
  unknown variable 'object'
  unknown reference 'object'
  no native function named 'object'
  no function named 'object' found in this script or imported scripts
  cannot resolve type 'object'
  unrecognized literal 'object' (expected integer, float, string, or bool)
  unresolved name 'object'
  '.' -- object expression failed to compile
  unknown variable 'object'
  unknown reference 'object'
  no native function named 'object'
  no function named 'object' found in this script or imported scripts
  cannot resolve type 'object'
  unrecognized literal 'object' (expected integer, float, string, or bool)
  unresolved name 'object'
  '->' -- pointer expression failed to compile
  cannot resolve type '(GetVelocityAngular object)'
  unknown type 'GetVelocityAngular' for cast/conversion
  no function named 'x' found in this script or imported scripts
  unknown variable 'object'
  unknown reference 'object'
  no native function named 'object'
  no function named 'object' found in this script or imported scripts
  cannot resolve type 'object'
  unrecognized literal 'object' (expected integer, float, string, or bool)
  unresolved name 'object'
  argument 1 to function 'GetVelocityAngular' failed to compile
  unknown variable 'object'
  unknown reference 'object'
  no native function named 'object'
  no function named 'object' found in this script or imported scripts
  cannot resolve type 'object'
  unrecognized literal 'object' (expected integer, float, string, or bool)
  unresolved name 'object'
  no function named 'GetVelocityAngular' found in this script or imported scripts
  unknown variable 'object'
  unknown reference 'object'
  no native function named 'object'
  no function named 'object' found in this script or imported scripts
  cannot resolve type 'object'
  unrecognized literal 'object' (expected integer, float, string, or bool)
  unresolved name 'object'
  '.' -- object expression failed to compile
  unknown variable 'object'
  unknown reference 'object'
  no native function named 'object'
  no function named 'object' found in this script or imported scripts
  cannot resolve type 'object'
  unrecognized literal 'object' (expected integer, float, string, or bool)
  unresolved name 'object'
  '->' -- pointer expression failed to compile
  cannot resolve type '(GetVelocityAngular object)'
  unknown type 'GetVelocityAngular' for cast/conversion
  '.' -- object expression failed to compile
  unknown variable 'object'
  unknown reference 'object'
  no native function named 'object'
  no function named 'object' found in this script or imported scripts
  cannot resolve type 'object'
  unrecognized literal 'object' (expected integer, float, string, or bool)
  unresolved name 'object'
  argument 1 to function 'GetVelocityAngular' failed to compile
  unknown variable 'object'
  unknown reference 'object'
  no native function named 'object'
  no function named 'object' found in this script or imported scripts
  cannot resolve type 'object'
  unrecognized literal 'object' (expected integer, float, string, or bool)
  unresolved name 'object'
  no function named 'GetVelocityAngular' found in this script or imported scripts
  unknown variable 'object'
  unknown reference 'object'
  no native function named 'object'
  no function named 'object' found in this script or imported scripts
  cannot resolve type 'object'
  unrecognized literal 'object' (expected integer, float, string, or bool)
  unresolved name 'object'
  '.' -- object expression failed to compile
  unknown variable 'object'
  unknown reference 'object'
  no native function named 'object'
  no function named 'object' found in this script or imported scripts
  cannot resolve type 'object'
  unrecognized literal 'object' (expected integer, float, string, or bool)
  unresolved name 'object'
  '->' -- pointer expression failed to compile
  cannot resolve type '(GetVelocityAngular object)'
  unknown type 'GetVelocityAngular' for cast/conversion
  '->' -- pointer expression failed to compile
  cannot resolve type '(x (GetVelocityAngular object))'
  unknown type 'x' for cast/conversion
  line 17: '->' -- pointer expression failed to compile
  line 17: cannot resolve type '(Abs (x (GetVelocityAngular object)))'
  line 17: unknown type 'Abs' for cast/conversion
  line 17: argument 1 to function 'ExpDecay' failed to compile
  no native function named 'x'
  unknown variable 'object'
  unknown reference 'object'
  no native function named 'object'
  no function named 'object' found in this script or imported scripts
  cannot resolve type 'object'
  unrecognized literal 'object' (expected integer, float, string, or bool)
  unresolved name 'object'
  argument 1 to function 'GetVelocityAngular' failed to compile
  unknown variable 'object'
  unknown reference 'object'
  no native function named 'object'
  no function named 'object' found in this script or imported scripts
  cannot resolve type 'object'
  unrecognized literal 'object' (expected integer, float, string, or bool)
  unresolved name 'object'
  no function named 'GetVelocityAngular' found in this script or imported scripts
  unknown variable 'object'
  unknown reference 'object'
  no native function named 'object'
  no function named 'object' found in this script or imported scripts
  cannot resolve type 'object'
  unrecognized literal 'object' (expected integer, float, string, or bool)
  unresolved name 'object'
  '.' -- object expression failed to compile
  unknown variable 'object'
  unknown reference 'object'
  no native function named 'object'
  no function named 'object' found in this script or imported scripts
  cannot resolve type 'object'
  unrecognized literal 'object' (expected integer, float, string, or bool)
  unresolved name 'object'
  '->' -- pointer expression failed to compile
  cannot resolve type '(GetVelocityAngular object)'
  unknown type 'GetVelocityAngular' for cast/conversion
  no function named 'x' found in this script or imported scripts
  unknown variable 'object'
  unknown reference 'object'
  no native function named 'object'
  no function named 'object' found in this script or imported scripts
  cannot resolve type 'object'
  unrecognized literal 'object' (expected integer, float, string, or bool)
  unresolved name 'object'
  argument 1 to function 'GetVelocityAngular' failed to compile
  unknown variable 'object'
  unknown reference 'object'
  no native function named 'object'
  no function named 'object' found in this script or imported scripts
  cannot resolve type 'object'
  unrecognized literal 'object' (expected integer, float, string, or bool)
  unresolved name 'object'
  no function named 'GetVelocityAngular' found in this script or imported scripts
  unknown variable 'object'
  unknown reference 'object'
  no native function named 'object'
  no function named 'object' found in this script or imported scripts
  cannot resolve type 'object'
  unrecognized literal 'object' (expected integer, float, string, or bool)
  unresolved name 'object'
  '.' -- object expression failed to compile
  unknown variable 'object'
  unknown reference 'object'
  no native function named 'object'
  no function named 'object' found in this script or imported scripts
  cannot resolve type 'object'
  unrecognized literal 'object' (expected integer, float, string, or bool)
  unresolved name 'object'
  '->' -- pointer expression failed to compile
  cannot resolve type '(GetVelocityAngular object)'
  unknown type 'GetVelocityAngular' for cast/conversion
  '.' -- object expression failed to compile
  unknown variable 'object'
  unknown reference 'object'
  no native function named 'object'
  no function named 'object' found in this script or imported scripts
  cannot resolve type 'object'
  unrecognized literal 'object' (expected integer, float, string, or bool)
  unresolved name 'object'
  argument 1 to function 'GetVelocityAngular' failed to compile
  unknown variable 'object'
  unknown reference 'object'
  no native function named 'object'
  no function named 'object' found in this script or imported scripts
  cannot resolve type 'object'
  unrecognized literal 'object' (expected integer, float, string, or bool)
  unresolved name 'object'
  no function named 'GetVelocityAngular' found in this script or imported scripts
  unknown variable 'object'
  unknown reference 'object'
  no native function named 'object'
  no function named 'object' found in this script or imported scripts
  cannot resolve type 'object'
  unrecognized literal 'object' (expected integer, float, string, or bool)
  unresolved name 'object'
  '.' -- object expression failed to compile
  unknown variable 'object'
  unknown reference 'object'
  no native function named 'object'
  no function named 'object' found in this script or imported scripts
  cannot resolve type 'object'
  unrecognized literal 'object' (expected integer, float, string, or bool)
  unresolved name 'object'
  '->' -- pointer expression failed to compile
  cannot resolve type '(GetVelocityAngular object)'
  unknown type 'GetVelocityAngular' for cast/conversion
  '->' -- pointer expression failed to compile
  cannot resolve type '(x (GetVelocityAngular object))'
  unknown type 'x' for cast/conversion
  line 17: argument 1 to function 'Abs' failed to compile
  no native function named 'x'
  unknown variable 'object'
  unknown reference 'object'
  no native function named 'object'
  no function named 'object' found in this script or imported scripts
  cannot resolve type 'object'
  unrecognized literal 'object' (expected integer, float, string, or bool)
  unresolved name 'object'
  argument 1 to function 'GetVelocityAngular' failed to compile
  unknown variable 'object'
  unknown reference 'object'
  no native function named 'object'
  no function named 'object' found in this script or imported scripts
  cannot resolve type 'object'
  unrecognized literal 'object' (expected integer, float, string, or bool)
  unresolved name 'object'
  no function named 'GetVelocityAngular' found in this script or imported scripts
  unknown variable 'object'
  unknown reference 'object'
  no native function named 'object'
  no function named 'object' found in this script or imported scripts
  cannot resolve type 'object'
  unrecognized literal 'object' (expected integer, float, string, or bool)
  unresolved name 'object'
  '.' -- object expression failed to compile
  unknown variable 'object'
  unknown reference 'object'
  no native function named 'object'
  no function named 'object' found in this script or imported scripts
  cannot resolve type 'object'
  unrecognized literal 'object' (expected integer, float, string, or bool)
  unresolved name 'object'
  '->' -- pointer expression failed to compile
  cannot resolve type '(GetVelocityAngular object)'
  unknown type 'GetVelocityAngular' for cast/conversion
  no function named 'x' found in this script or imported scripts
  unknown variable 'object'
  unknown reference 'object'
  no native function named 'object'
  no function named 'object' found in this script or imported scripts
  cannot resolve type 'object'
  unrecognized literal 'object' (expected integer, float, string, or bool)
  unresolved name 'object'
  argument 1 to function 'GetVelocityAngular' failed to compile
  unknown variable 'object'
  unknown reference 'object'
  no native function named 'object'
  no function named 'object' found in this script or imported scripts
  cannot resolve type 'object'
  unrecognized literal 'object' (expected integer, float, string, or bool)
  unresolved name 'object'
  no function named 'GetVelocityAngular' found in this script or imported scripts
  unknown variable 'object'
  unknown reference 'object'
  no native function named 'object'
  no function named 'object' found in this script or imported scripts
  cannot resolve type 'object'
  unrecognized literal 'object' (expected integer, float, string, or bool)
  unresolved name 'object'
  '.' -- object expression failed to compile
  unknown variable 'object'
  unknown reference 'object'
  no native function named 'object'
  no function named 'object' found in this script or imported scripts
  cannot resolve type 'object'
  unrecognized literal 'object' (expected integer, float, string, or bool)
  unresolved name 'object'
  '->' -- pointer expression failed to compile
  cannot resolve type '(GetVelocityAngular object)'
  unknown type 'GetVelocityAngular' for cast/conversion
  '.' -- object expression failed to compile
  unknown variable 'object'
  unknown reference 'object'
  no native function named 'object'
  no function named 'object' found in this script or imported scripts
  cannot resolve type 'object'
  unrecognized literal 'object' (expected integer, float, string, or bool)
  unresolved name 'object'
  argument 1 to function 'GetVelocityAngular' failed to compile
  unknown variable 'object'
  unknown reference 'object'
  no native function named 'object'
  no function named 'object' found in this script or imported scripts
  cannot resolve type 'object'
  unrecognized literal 'object' (expected integer, float, string, or bool)
  unresolved name 'object'
  no function named 'GetVelocityAngular' found in this script or imported scripts
  unknown variable 'object'
  unknown reference 'object'
  no native function named 'object'
  no function named 'object' found in this script or imported scripts
  cannot resolve type 'object'
  unrecognized literal 'object' (expected integer, float, string, or bool)
  unresolved name 'object'
  '.' -- object expression failed to compile
  unknown variable 'object'
  unknown reference 'object'
  no native function named 'object'
  no function named 'object' found in this script or imported scripts
  cannot resolve type 'object'
  unrecognized literal 'object' (expected integer, float, string, or bool)
  unresolved name 'object'
  '->' -- pointer expression failed to compile
  cannot resolve type '(GetVelocityAngular object)'
  unknown type 'GetVelocityAngular' for cast/conversion
  '->' -- pointer expression failed to compile
  cannot resolve type '(x (GetVelocityAngular object))'
  unknown type 'x' for cast/conversion
  line 17: no function named 'Abs' found in this script or imported scripts
  no native function named 'x'
  unknown variable 'object'
  unknown reference 'object'
  no native function named 'object'
  no function named 'object' found in this script or imported scripts
  cannot resolve type 'object'
  unrecognized literal 'object' (expected integer, float, string, or bool)
  unresolved name 'object'
  argument 1 to function 'GetVelocityAngular' failed to compile
  unknown variable 'object'
  unknown reference 'object'
  no native function named 'object'
  no function named 'object' found in this script or imported scripts
  cannot resolve type 'object'
  unrecognized literal 'object' (expected integer, float, string, or bool)
  unresolved name 'object'
  no function named 'GetVelocityAngular' found in this script or imported scripts
  unknown variable 'object'
  unknown reference 'object'
  no native function named 'object'
  no function named 'object' found in this script or imported scripts
  cannot resolve type 'object'
  unrecognized literal 'object' (expected integer, float, string, or bool)
  unresolved name 'object'
  '.' -- object expression failed to compile
  unknown variable 'object'
  unknown reference 'object'
  no native function named 'object'
  no function named 'object' found in this script or imported scripts
  cannot resolve type 'object'
  unrecognized literal 'object' (expected integer, float, string, or bool)
  unresolved name 'object'
  '->' -- pointer expression failed to compile
  cannot resolve type '(GetVelocityAngular object)'
  unknown type 'GetVelocityAngular' for cast/conversion
  no function named 'x' found in this script or imported scripts
  unknown variable 'object'
  unknown reference 'object'
  no native function named 'object'
  no function named 'object' found in this script or imported scripts
  cannot resolve type 'object'
  unrecognized literal 'object' (expected integer, float, string, or bool)
  unresolved name 'object'
  argument 1 to function 'GetVelocityAngular' failed to compile
  unknown variable 'object'
  unknown reference 'object'
  no native function named 'object'
  no function named 'object' found in this script or imported scripts
  cannot resolve type 'object'
  unrecognized literal 'object' (expected integer, float, string, or bool)
  unresolved name 'object'
  no function named 'GetVelocityAngular' found in this script or imported scripts
  unknown variable 'object'
  unknown reference 'object'
  no native function named 'object'
  no function named 'object' found in this script or imported scripts
  cannot resolve type 'object'
  unrecognized literal 'object' (expected integer, float, string, or bool)
  unresolved name 'object'
  '.' -- object expression failed to compile
  unknown variable 'object'
  unknown reference 'object'
  no native function named 'object'
  no function named 'object' found in this script or imported scripts
  cannot resolve type 'object'
  unrecognized literal 'object' (expected integer, float, string, or bool)
  unresolved name 'object'
  '->' -- pointer expression failed to compile
  cannot resolve type '(GetVelocityAngular object)'
  unknown type 'GetVelocityAngular' for cast/conversion
  '.' -- object expression failed to compile
  unknown variable 'object'
  unknown reference 'object'
  no native function named 'object'
  no function named 'object' found in this script or imported scripts
  cannot resolve type 'object'
  unrecognized literal 'object' (expected integer, float, string, or bool)
  unresolved name 'object'
  argument 1 to function 'GetVelocityAngular' failed to compile
  unknown variable 'object'
  unknown reference 'object'
  no native function named 'object'
  no function named 'object' found in this script or imported scripts
  cannot resolve type 'object'
  unrecognized literal 'object' (expected integer, float, string, or bool)
  unresolved name 'object'
  no function named 'GetVelocityAngular' found in this script or imported scripts
  unknown variable 'object'
  unknown reference 'object'
  no native function named 'object'
  no function named 'object' found in this script or imported scripts
  cannot resolve type 'object'
  unrecognized literal 'object' (expected integer, float, string, or bool)
  unresolved name 'object'
  '.' -- object expression failed to compile
  unknown variable 'object'
  unknown reference 'object'
  no native function named 'object'
  no function named 'object' found in this script or imported scripts
  cannot resolve type 'object'
  unrecognized literal 'object' (expected integer, float, string, or bool)
  unresolved name 'object'
  '->' -- pointer expression failed to compile
  cannot resolve type '(GetVelocityAngular object)'
  unknown type 'GetVelocityAngular' for cast/conversion
  '->' -- pointer expression failed to compile
  cannot resolve type '(x (GetVelocityAngular object))'
  unknown type 'x' for cast/conversion
  line 17: '.' -- object expression failed to compile
  no native function named 'x'
  unknown variable 'object'
  unknown reference 'object'
  no native function named 'object'
  no function named 'object' found in this script or imported scripts
  cannot resolve type 'object'
  unrecognized literal 'object' (expected integer, float, string, or bool)
  unresolved name 'object'
  argument 1 to function 'GetVelocityAngular' failed to compile
  unknown variable 'object'
  unknown reference 'object'
  no native function named 'object'
  no function named 'object' found in this script or imported scripts
  cannot resolve type 'object'
  unrecognized literal 'object' (expected integer, float, string, or bool)
  unresolved name 'object'
  no function named 'GetVelocityAngular' found in this script or imported scripts
  unknown variable 'object'
  unknown reference 'object'
  no native function named 'object'
  no function named 'object' found in this script or imported scripts
  cannot resolve type 'object'
  unrecognized literal 'object' (expected integer, float, string, or bool)
  unresolved name 'object'
  '.' -- object expression failed to compile
  unknown variable 'object'
  unknown reference 'object'
  no native function named 'object'
  no function named 'object' found in this script or imported scripts
  cannot resolve type 'object'
  unrecognized literal 'object' (expected integer, float, string, or bool)
  unresolved name 'object'
  '->' -- pointer expression failed to compile
  cannot resolve type '(GetVelocityAngular object)'
  unknown type 'GetVelocityAngular' for cast/conversion
  no function named 'x' found in this script or imported scripts
  unknown variable 'object'
  unknown reference 'object'
  no native function named 'object'
  no function named 'object' found in this script or imported scripts
  cannot resolve type 'object'
  unrecognized literal 'object' (expected integer, float, string, or bool)
  unresolved name 'object'
  argument 1 to function 'GetVelocityAngular' failed to compile
  unknown variable 'object'
  unknown reference 'object'
  no native function named 'object'
  no function named 'object' found in this script or imported scripts
  cannot resolve type 'object'
  unrecognized literal 'object' (expected integer, float, string, or bool)
  unresolved name 'object'
  no function named 'GetVelocityAngular' found in this script or imported scripts
  unknown variable 'object'
  unknown reference 'object'
  no native function named 'object'
  no function named 'object' found in this script or imported scripts
  cannot resolve type 'object'
  unrecognized literal 'object' (expected integer, float, string, or bool)
  unresolved name 'object'
  '.' -- object expression failed to compile
  unknown variable 'object'
  unknown reference 'object'
  no native function named 'object'
  no function named 'object' found in this script or imported scripts
  cannot resolve type 'object'
  unrecognized literal 'object' (expected integer, float, string, or bool)
  unresolved name 'object'
  '->' -- pointer expression failed to compile
  cannot resolve type '(GetVelocityAngular object)'
  unknown type 'GetVelocityAngular' for cast/conversion
  '.' -- object expression failed to compile
  unknown variable 'object'
  unknown reference 'object'
  no native function named 'object'
  no function named 'object' found in this script or imported scripts
  cannot resolve type 'object'
  unrecognized literal 'object' (expected integer, float, string, or bool)
  unresolved name 'object'
  argument 1 to function 'GetVelocityAngular' failed to compile
  unknown variable 'object'
  unknown reference 'object'
  no native function named 'object'
  no function named 'object' found in this script or imported scripts
  cannot resolve type 'object'
  unrecognized literal 'object' (expected integer, float, string, or bool)
  unresolved name 'object'
  no function named 'GetVelocityAngular' found in this script or imported scripts
  unknown variable 'object'
  unknown reference 'object'
  no native function named 'object'
  no function named 'object' found in this script or imported scripts
  cannot resolve type 'object'
  unrecognized literal 'object' (expected integer, float, string, or bool)
  unresolved name 'object'
  '.' -- object expression failed to compile
  unknown variable 'object'
  unknown reference 'object'
  no native function named 'object'
  no function named 'object' found in this script or imported scripts
  cannot resolve type 'object'
  unrecognized literal 'object' (expected integer, float, string, or bool)
  unresolved name 'object'
  '->' -- pointer expression failed to compile
  cannot resolve type '(GetVelocityAngular object)'
  unknown type 'GetVelocityAngular' for cast/conversion
  '->' -- pointer expression failed to compile
  cannot resolve type '(x (GetVelocityAngular object))'
  unknown type 'x' for cast/conversion
  line 17: '->' -- pointer expression failed to compile
  line 17: cannot resolve type '(Abs (x (GetVelocityAngular object)))'
  line 17: unknown type 'Abs' for cast/conversion
  line 17: no function named 'ExpDecay' found in this script or imported scripts
  line 17: '.' field access expects 1 argument (object)
  line 17: '->' dereference expects 1 argument (pointer)
  line 17: cannot resolve type '(ExpDecay (Abs (x (GetVelocityAngular object))) 1.0)'
  line 17: argument 2 to function '-' failed to compile
  line 17: unknown variable '1.0'
  line 17: unknown reference '1.0'
  line 17: no native function named '1.0'
  line 17: no function named '1.0' found in this script or imported scripts
  line 17: cannot resolve type '1.0'
  line 17: no function named '-' found in this script or imported scripts
  line 17: '.' field access expects 1 argument (object)
  line 17: '->' dereference expects 1 argument (pointer)
  line 17: cannot resolve type '(- 1.0 (ExpDecay (Abs (x (GetVelocityAngular object))) 1.0))'
  line 18: unknown variable '1.0'
  line 18: unknown reference '1.0'
  line 18: no native function named '1.0'
  line 18: no function named '1.0' found in this script or imported scripts
  line 18: cannot resolve type '1.0'
  no native function named 'y'
  unknown variable 'object'
  unknown reference 'object'
  no native function named 'object'
  no function named 'object' found in this script or imported scripts
  cannot resolve type 'object'
  unrecognized literal 'object' (expected integer, float, string, or bool)
  unresolved name 'object'
  argument 1 to function 'GetVelocityAngular' failed to compile
  unknown variable 'object'
  unknown reference 'object'
  no native function named 'object'
  no function named 'object' found in this script or imported scripts
  cannot resolve type 'object'
  unrecognized literal 'object' (expected integer, float, string, or bool)
  unresolved name 'object'
  no function named 'GetVelocityAngular' found in this script or imported scripts
  unknown variable 'object'
  unknown reference 'object'
  no native function named 'object'
  no function named 'object' found in this script or imported scripts
  cannot resolve type 'object'
  unrecognized literal 'object' (expected integer, float, string, or bool)
  unresolved name 'object'
  '.' -- object expression failed to compile
  unknown variable 'object'
  unknown reference 'object'
  no native function named 'object'
  no function named 'object' found in this script or imported scripts
  cannot resolve type 'object'
  unrecognized literal 'object' (expected integer, float, string, or bool)
  unresolved name 'object'
  '->' -- pointer expression failed to compile
  cannot resolve type '(GetVelocityAngular object)'
  unknown type 'GetVelocityAngular' for cast/conversion
  no function named 'y' found in this script or imported scripts
  unknown variable 'object'
  unknown reference 'object'
  no native function named 'object'
  no function named 'object' found in this script or imported scripts
  cannot resolve type 'object'
  unrecognized literal 'object' (expected integer, float, string, or bool)
  unresolved name 'object'
  argument 1 to function 'GetVelocityAngular' failed to compile
  unknown variable 'object'
  unknown reference 'object'
  no native function named 'object'
  no function named 'object' found in this script or imported scripts
  cannot resolve type 'object'
  unrecognized literal 'object' (expected integer, float, string, or bool)
  unresolved name 'object'
  no function named 'GetVelocityAngular' found in this script or imported scripts
  unknown variable 'object'
  unknown reference 'object'
  no native function named 'object'
  no function named 'object' found in this script or imported scripts
  cannot resolve type 'object'
  unrecognized literal 'object' (expected integer, float, string, or bool)
  unresolved name 'object'
  '.' -- object expression failed to compile
  unknown variable 'object'
  unknown reference 'object'
  no native function named 'object'
  no function named 'object' found in this script or imported scripts
  cannot resolve type 'object'
  unrecognized literal 'object' (expected integer, float, string, or bool)
  unresolved name 'object'
  '->' -- pointer expression failed to compile
  cannot resolve type '(GetVelocityAngular object)'
  unknown type 'GetVelocityAngular' for cast/conversion
  '.' -- object expression failed to compile
  unknown variable 'object'
  unknown reference 'object'
  no native function named 'object'
  no function named 'object' found in this script or imported scripts
  cannot resolve type 'object'
  unrecognized literal 'object' (expected integer, float, string, or bool)
  unresolved name 'object'
  argument 1 to function 'GetVelocityAngular' failed to compile
  unknown variable 'object'
  unknown reference 'object'
  no native function named 'object'
  no function named 'object' found in this script or imported scripts
  cannot resolve type 'object'
  unrecognized literal 'object' (expected integer, float, string, or bool)
  unresolved name 'object'
  no function named 'GetVelocityAngular' found in this script or imported scripts
  unknown variable 'object'
  unknown reference 'object'
  no native function named 'object'
  no function named 'object' found in this script or imported scripts
  cannot resolve type 'object'
  unrecognized literal 'object' (expected integer, float, string, or bool)
  unresolved name 'object'
  '.' -- object expression failed to compile
  unknown variable 'object'
  unknown reference 'object'
  no native function named 'object'
  no function named 'object' found in this script or imported scripts
  cannot resolve type 'object'
  unrecognized literal 'object' (expected integer, float, string, or bool)
  unresolved name 'object'
  '->' -- pointer expression failed to compile
  cannot resolve type '(GetVelocityAngular object)'
  unknown type 'GetVelocityAngular' for cast/conversion
  '->' -- pointer expression failed to compile
  cannot resolve type '(y (GetVelocityAngular object))'
  unknown type 'y' for cast/conversion
  line 18: argument 1 to function 'Abs' failed to compile
  no native function named 'y'
  unknown variable 'object'
  unknown reference 'object'
  no native function named 'object'
  no function named 'object' found in this script or imported scripts
  cannot resolve type 'object'
  unrecognized literal 'object' (expected integer, float, string, or bool)
  unresolved name 'object'
  argument 1 to function 'GetVelocityAngular' failed to compile
  unknown variable 'object'
  unknown reference 'object'
  no native function named 'object'
  no function named 'object' found in this script or imported scripts
  cannot resolve type 'object'
  unrecognized literal 'object' (expected integer, float, string, or bool)
  unresolved name 'object'
  no function named 'GetVelocityAngular' found in this script or imported scripts
  unknown variable 'object'
  unknown reference 'object'
  no native function named 'object'
  no function named 'object' found in this script or imported scripts
  cannot resolve type 'object'
  unrecognized literal 'object' (expected integer, float, string, or bool)
  unresolved name 'object'
  '.' -- object expression failed to compile
  unknown variable 'object'
  unknown reference 'object'
  no native function named 'object'
  no function named 'object' found in this script or imported scripts
  cannot resolve type 'object'
  unrecognized literal 'object' (expected integer, float, string, or bool)
  unresolved name 'object'
  '->' -- pointer expression failed to compile
  cannot resolve type '(GetVelocityAngular object)'
  unknown type 'GetVelocityAngular' for cast/conversion
  no function named 'y' found in this script or imported scripts
  unknown variable 'object'
  unknown reference 'object'
  no native function named 'object'
  no function named 'object' found in this script or imported scripts
  cannot resolve type 'object'
  unrecognized literal 'object' (expected integer, float, string, or bool)
  unresolved name 'object'
  argument 1 to function 'GetVelocityAngular' failed to compile
  unknown variable 'object'
  unknown reference 'object'
  no native function named 'object'
  no function named 'object' found in this script or imported scripts
  cannot resolve type 'object'
  unrecognized literal 'object' (expected integer, float, string, or bool)
  unresolved name 'object'
  no function named 'GetVelocityAngular' found in this script or imported scripts
  unknown variable 'object'
  unknown reference 'object'
  no native function named 'object'
  no function named 'object' found in this script or imported scripts
  cannot resolve type 'object'
  unrecognized literal 'object' (expected integer, float, string, or bool)
  unresolved name 'object'
  '.' -- object expression failed to compile
  unknown variable 'object'
  unknown reference 'object'
  no native function named 'object'
  no function named 'object' found in this script or imported scripts
  cannot resolve type 'object'
  unrecognized literal 'object' (expected integer, float, string, or bool)
  unresolved name 'object'
  '->' -- pointer expression failed to compile
  cannot resolve type '(GetVelocityAngular object)'
  unknown type 'GetVelocityAngular' for cast/conversion
  '.' -- object expression failed to compile
  unknown variable 'object'
  unknown reference 'object'
  no native function named 'object'
  no function named 'object' found in this script or imported scripts
  cannot resolve type 'object'
  unrecognized literal 'object' (expected integer, float, string, or bool)
  unresolved name 'object'
  argument 1 to function 'GetVelocityAngular' failed to compile
  unknown variable 'object'
  unknown reference 'object'
  no native function named 'object'
  no function named 'object' found in this script or imported scripts
  cannot resolve type 'object'
  unrecognized literal 'object' (expected integer, float, string, or bool)
  unresolved name 'object'
  no function named 'GetVelocityAngular' found in this script or imported scripts
  unknown variable 'object'
  unknown reference 'object'
  no native function named 'object'
  no function named 'object' found in this script or imported scripts
  cannot resolve type 'object'
  unrecognized literal 'object' (expected integer, float, string, or bool)
  unresolved name 'object'
  '.' -- object expression failed to compile
  unknown variable 'object'
  unknown reference 'object'
  no native function named 'object'
  no function named 'object' found in this script or imported scripts
  cannot resolve type 'object'
  unrecognized literal 'object' (expected integer, float, string, or bool)
  unresolved name 'object'
  '->' -- pointer expression failed to compile
  cannot resolve type '(GetVelocityAngular object)'
  unknown type 'GetVelocityAngular' for cast/conversion
  '->' -- pointer expression failed to compile
  cannot resolve type '(y (GetVelocityAngular object))'
  unknown type 'y' for cast/conversion
  line 18: no function named 'Abs' found in this script or imported scripts
  no native function named 'y'
  unknown variable 'object'
  unknown reference 'object'
  no native function named 'object'
  no function named 'object' found in this script or imported scripts
  cannot resolve type 'object'
  unrecognized literal 'object' (expected integer, float, string, or bool)
  unresolved name 'object'
  argument 1 to function 'GetVelocityAngular' failed to compile
  unknown variable 'object'
  unknown reference 'object'
  no native function named 'object'
  no function named 'object' found in this script or imported scripts
  cannot resolve type 'object'
  unrecognized literal 'object' (expected integer, float, string, or bool)
  unresolved name 'object'
  no function named 'GetVelocityAngular' found in this script or imported scripts
  unknown variable 'object'
  unknown reference 'object'
  no native function named 'object'
  no function named 'object' found in this script or imported scripts
  cannot resolve type 'object'
  unrecognized literal 'object' (expected integer, float, string, or bool)
  unresolved name 'object'
  '.' -- object expression failed to compile
  unknown variable 'object'
  unknown reference 'object'
  no native function named 'object'
  no function named 'object' found in this script or imported scripts
  cannot resolve type 'object'
  unrecognized literal 'object' (expected integer, float, string, or bool)
  unresolved name 'object'
  '->' -- pointer expression failed to compile
  cannot resolve type '(GetVelocityAngular object)'
  unknown type 'GetVelocityAngular' for cast/conversion
  no function named 'y' found in this script or imported scripts
  unknown variable 'object'
  unknown reference 'object'
  no native function named 'object'
  no function named 'object' found in this script or imported scripts
  cannot resolve type 'object'
  unrecognized literal 'object' (expected integer, float, string, or bool)
  unresolved name 'object'
  argument 1 to function 'GetVelocityAngular' failed to compile
  unknown variable 'object'
  unknown reference 'object'
  no native function named 'object'
  no function named 'object' found in this script or imported scripts
  cannot resolve type 'object'
  unrecognized literal 'object' (expected integer, float, string, or bool)
  unresolved name 'object'
  no function named 'GetVelocityAngular' found in this script or imported scripts
  unknown variable 'object'
  unknown reference 'object'
  no native function named 'object'
  no function named 'object' found in this script or imported scripts
  cannot resolve type 'object'
  unrecognized literal 'object' (expected integer, float, string, or bool)
  unresolved name 'object'
  '.' -- object expression failed to compile
  unknown variable 'object'
  unknown reference 'object'
  no native function named 'object'
  no function named 'object' found in this script or imported scripts
  cannot resolve type 'object'
  unrecognized literal 'object' (expected integer, float, string, or bool)
  unresolved name 'object'
  '->' -- pointer expression failed to compile
  cannot resolve type '(GetVelocityAngular object)'
  unknown type 'GetVelocityAngular' for cast/conversion
  '.' -- object expression failed to compile
  unknown variable 'object'
  unknown reference 'object'
  no native function named 'object'
  no function named 'object' found in this script or imported scripts
  cannot resolve type 'object'
  unrecognized literal 'object' (expected integer, float, string, or bool)
  unresolved name 'object'
  argument 1 to function 'GetVelocityAngular' failed to compile
  unknown variable 'object'
  unknown reference 'object'
  no native function named 'object'
  no function named 'object' found in this script or imported scripts
  cannot resolve type 'object'
  unrecognized literal 'object' (expected integer, float, string, or bool)
  unresolved name 'object'
  no function named 'GetVelocityAngular' found in this script or imported scripts
  unknown variable 'object'
  unknown reference 'object'
  no native function named 'object'
  no function named 'object' found in this script or imported scripts
  cannot resolve type 'object'
  unrecognized literal 'object' (expected integer, float, string, or bool)
  unresolved name 'object'
  '.' -- object expression failed to compile
  unknown variable 'object'
  unknown reference 'object'
  no native function named 'object'
  no function named 'object' found in this script or imported scripts
  cannot resolve type 'object'
  unrecognized literal 'object' (expected integer, float, string, or bool)
  unresolved name 'object'
  '->' -- pointer expression failed to compile
  cannot resolve type '(GetVelocityAngular object)'
  unknown type 'GetVelocityAngular' for cast/conversion
  '->' -- pointer expression failed to compile
  cannot resolve type '(y (GetVelocityAngular object))'
  unknown type 'y' for cast/conversion
  line 18: '.' -- object expression failed to compile
  no native function named 'y'
  unknown variable 'object'
  unknown reference 'object'
  no native function named 'object'
  no function named 'object' found in this script or imported scripts
  cannot resolve type 'object'
  unrecognized literal 'object' (expected integer, float, string, or bool)
  unresolved name 'object'
  argument 1 to function 'GetVelocityAngular' failed to compile
  unknown variable 'object'
  unknown reference 'object'
  no native function named 'object'
  no function named 'object' found in this script or imported scripts
  cannot resolve type 'object'
  unrecognized literal 'object' (expected integer, float, string, or bool)
  unresolved name 'object'
  no function named 'GetVelocityAngular' found in this script or imported scripts
  unknown variable 'object'
  unknown reference 'object'
  no native function named 'object'
  no function named 'object' found in this script or imported scripts
  cannot resolve type 'object'
  unrecognized literal 'object' (expected integer, float, string, or bool)
  unresolved name 'object'
  '.' -- object expression failed to compile
  unknown variable 'object'
  unknown reference 'object'
  no native function named 'object'
  no function named 'object' found in this script or imported scripts
  cannot resolve type 'object'
  unrecognized literal 'object' (expected integer, float, string, or bool)
  unresolved name 'object'
  '->' -- pointer expression failed to compile
  cannot resolve type '(GetVelocityAngular object)'
  unknown type 'GetVelocityAngular' for cast/conversion
  no function named 'y' found in this script or imported scripts
  unknown variable 'object'
  unknown reference 'object'
  no native function named 'object'
  no function named 'object' found in this script or imported scripts
  cannot resolve type 'object'
  unrecognized literal 'object' (expected integer, float, string, or bool)
  unresolved name 'object'
  argument 1 to function 'GetVelocityAngular' failed to compile
  unknown variable 'object'
  unknown reference 'object'
  no native function named 'object'
  no function named 'object' found in this script or imported scripts
  cannot resolve type 'object'
  unrecognized literal 'object' (expected integer, float, string, or bool)
  unresolved name 'object'
  no function named 'GetVelocityAngular' found in this script or imported scripts
  unknown variable 'object'
  unknown reference 'object'
  no native function named 'object'
  no function named 'object' found in this script or imported scripts
  cannot resolve type 'object'
  unrecognized literal 'object' (expected integer, float, string, or bool)
  unresolved name 'object'
  '.' -- object expression failed to compile
  unknown variable 'object'
  unknown reference 'object'
  no native function named 'object'
  no function named 'object' found in this script or imported scripts
  cannot resolve type 'object'
  unrecognized literal 'object' (expected integer, float, string, or bool)
  unresolved name 'object'
  '->' -- pointer expression failed to compile
  cannot resolve type '(GetVelocityAngular object)'
  unknown type 'GetVelocityAngular' for cast/conversion
  '.' -- object expression failed to compile
  unknown variable 'object'
  unknown reference 'object'
  no native function named 'object'
  no function named 'object' found in this script or imported scripts
  cannot resolve type 'object'
  unrecognized literal 'object' (expected integer, float, string, or bool)
  unresolved name 'object'
  argument 1 to function 'GetVelocityAngular' failed to compile
  unknown variable 'object'
  unknown reference 'object'
  no native function named 'object'
  no function named 'object' found in this script or imported scripts
  cannot resolve type 'object'
  unrecognized literal 'object' (expected integer, float, string, or bool)
  unresolved name 'object'
  no function named 'GetVelocityAngular' found in this script or imported scripts
  unknown variable 'object'
  unknown reference 'object'
  no native function named 'object'
  no function named 'object' found in this script or imported scripts
  cannot resolve type 'object'
  unrecognized literal 'object' (expected integer, float, string, or bool)
  unresolved name 'object'
  '.' -- object expression failed to compile
  unknown variable 'object'
  unknown reference 'object'
  no native function named 'object'
  no function named 'object' found in this script or imported scripts
  cannot resolve type 'object'
  unrecognized literal 'object' (expected integer, float, string, or bool)
  unresolved name 'object'
  '->' -- pointer expression failed to compile
  cannot resolve type '(GetVelocityAngular object)'
  unknown type 'GetVelocityAngular' for cast/conversion
  '->' -- pointer expression failed to compile
  cannot resolve type '(y (GetVelocityAngular object))'
  unknown type 'y' for cast/conversion
  line 18: '->' -- pointer expression failed to compile
  line 18: cannot resolve type '(Abs (y (GetVelocityAngular object)))'
  line 18: unknown type 'Abs' for cast/conversion
  line 18: argument 1 to function 'ExpDecay' failed to compile
  no native function named 'y'
  unknown variable 'object'
  unknown reference 'object'
  no native function named 'object'
  no function named 'object' found in this script or imported scripts
  cannot resolve type 'object'
  unrecognized literal 'object' (expected integer, float, string, or bool)
  unresolved name 'object'
  argument 1 to function 'GetVelocityAngular' failed to compile
  unknown variable 'object'
  unknown reference 'object'
  no native function named 'object'
  no function named 'object' found in this script or imported scripts
  cannot resolve type 'object'
  unrecognized literal 'object' (expected integer, float, string, or bool)
  unresolved name 'object'
  no function named 'GetVelocityAngular' found in this script or imported scripts
  unknown variable 'object'
  unknown reference 'object'
  no native function named 'object'
  no function named 'object' found in this script or imported scripts
  cannot resolve type 'object'
  unrecognized literal 'object' (expected integer, float, string, or bool)
  unresolved name 'object'
  '.' -- object expression failed to compile
  unknown variable 'object'
  unknown reference 'object'
  no native function named 'object'
  no function named 'object' found in this script or imported scripts
  cannot resolve type 'object'
  unrecognized literal 'object' (expected integer, float, string, or bool)
  unresolved name 'object'
  '->' -- pointer expression failed to compile
  cannot resolve type '(GetVelocityAngular object)'
  unknown type 'GetVelocityAngular' for cast/conversion
  no function named 'y' found in this script or imported scripts
  unknown variable 'object'
  unknown reference 'object'
  no native function named 'object'
  no function named 'object' found in this script or imported scripts
  cannot resolve type 'object'
  unrecognized literal 'object' (expected integer, float, string, or bool)
  unresolved name 'object'
  argument 1 to function 'GetVelocityAngular' failed to compile
  unknown variable 'object'
  unknown reference 'object'
  no native function named 'object'
  no function named 'object' found in this script or imported scripts
  cannot resolve type 'object'
  unrecognized literal 'object' (expected integer, float, string, or bool)
  unresolved name 'object'
  no function named 'GetVelocityAngular' found in this script or imported scripts
  unknown variable 'object'
  unknown reference 'object'
  no native function named 'object'
  no function named 'object' found in this script or imported scripts
  cannot resolve type 'object'
  unrecognized literal 'object' (expected integer, float, string, or bool)
  unresolved name 'object'
  '.' -- object expression failed to compile
  unknown variable 'object'
  unknown reference 'object'
  no native function named 'object'
  no function named 'object' found in this script or imported scripts
  cannot resolve type 'object'
  unrecognized literal 'object' (expected integer, float, string, or bool)
  unresolved name 'object'
  '->' -- pointer expression failed to compile
  cannot resolve type '(GetVelocityAngular object)'
  unknown type 'GetVelocityAngular' for cast/conversion
  '.' -- object expression failed to compile
  unknown variable 'object'
  unknown reference 'object'
  no native function named 'object'
  no function named 'object' found in this script or imported scripts
  cannot resolve type 'object'
  unrecognized literal 'object' (expected integer, float, string, or bool)
  unresolved name 'object'
  argument 1 to function 'GetVelocityAngular' failed to compile
  unknown variable 'object'
  unknown reference 'object'
  no native function named 'object'
  no function named 'object' found in this script or imported scripts
  cannot resolve type 'object'
  unrecognized literal 'object' (expected integer, float, string, or bool)
  unresolved name 'object'
  no function named 'GetVelocityAngular' found in this script or imported scripts
  unknown variable 'object'
  unknown reference 'object'
  no native function named 'object'
  no function named 'object' found in this script or imported scripts
  cannot resolve type 'object'
  unrecognized literal 'object' (expected integer, float, string, or bool)
  unresolved name 'object'
  '.' -- object expression failed to compile
  unknown variable 'object'
  unknown reference 'object'
  no native function named 'object'
  no function named 'object' found in this script or imported scripts
  cannot resolve type 'object'
  unrecognized literal 'object' (expected integer, float, string, or bool)
  unresolved name 'object'
  '->' -- pointer expression failed to compile
  cannot resolve type '(GetVelocityAngular object)'
  unknown type 'GetVelocityAngular' for cast/conversion
  '->' -- pointer expression failed to compile
  cannot resolve type '(y (GetVelocityAngular object))'
  unknown type 'y' for cast/conversion
  line 18: argument 1 to function 'Abs' failed to compile
  no native function named 'y'
  unknown variable 'object'
  unknown reference 'object'
  no native function named 'object'
  no function named 'object' found in this script or imported scripts
  cannot resolve type 'object'
  unrecognized literal 'object' (expected integer, float, string, or bool)
  unresolved name 'object'
  argument 1 to function 'GetVelocityAngular' failed to compile
  unknown variable 'object'
  unknown reference 'object'
  no native function named 'object'
  no function named 'object' found in this script or imported scripts
  cannot resolve type 'object'
  unrecognized literal 'object' (expected integer, float, string, or bool)
  unresolved name 'object'
  no function named 'GetVelocityAngular' found in this script or imported scripts
  unknown variable 'object'
  unknown reference 'object'
  no native function named 'object'
  no function named 'object' found in this script or imported scripts
  cannot resolve type 'object'
  unrecognized literal 'object' (expected integer, float, string, or bool)
  unresolved name 'object'
  '.' -- object expression failed to compile
  unknown variable 'object'
  unknown reference 'object'
  no native function named 'object'
  no function named 'object' found in this script or imported scripts
  cannot resolve type 'object'
  unrecognized literal 'object' (expected integer, float, string, or bool)
  unresolved name 'object'
  '->' -- pointer expression failed to compile
  cannot resolve type '(GetVelocityAngular object)'
  unknown type 'GetVelocityAngular' for cast/conversion
  no function named 'y' found in this script or imported scripts
  unknown variable 'object'
  unknown reference 'object'
  no native function named 'object'
  no function named 'object' found in this script or imported scripts
  cannot resolve type 'object'
  unrecognized literal 'object' (expected integer, float, string, or bool)
  unresolved name 'object'
  argument 1 to function 'GetVelocityAngular' failed to compile
  unknown variable 'object'
  unknown reference 'object'
  no native function named 'object'
  no function named 'object' found in this script or imported scripts
  cannot resolve type 'object'
  unrecognized literal 'object' (expected integer, float, string, or bool)
  unresolved name 'object'
  no function named 'GetVelocityAngular' found in this script or imported scripts
  unknown variable 'object'
  unknown reference 'object'
  no native function named 'object'
  no function named 'object' found in this script or imported scripts
  cannot resolve type 'object'
  unrecognized literal 'object' (expected integer, float, string, or bool)
  unresolved name 'object'
  '.' -- object expression failed to compile
  unknown variable 'object'
  unknown reference 'object'
  no native function named 'object'
  no function named 'object' found in this script or imported scripts
  cannot resolve type 'object'
  unrecognized literal 'object' (expected integer, float, string, or bool)
  unresolved name 'object'
  '->' -- pointer expression failed to compile
  cannot resolve type '(GetVelocityAngular object)'
  unknown type 'GetVelocityAngular' for cast/conversion
  '.' -- object expression failed to compile
  unknown variable 'object'
  unknown reference 'object'
  no native function named 'object'
  no function named 'object' found in this script or imported scripts
  cannot resolve type 'object'
  unrecognized literal 'object' (expected integer, float, string, or bool)
  unresolved name 'object'
  argument 1 to function 'GetVelocityAngular' failed to compile
  unknown variable 'object'
  unknown reference 'object'
  no native function named 'object'
  no function named 'object' found in this script or imported scripts
  cannot resolve type 'object'
  unrecognized literal 'object' (expected integer, float, string, or bool)
  unresolved name 'object'
  no function named 'GetVelocityAngular' found in this script or imported scripts
  unknown variable 'object'
  unknown reference 'object'
  no native function named 'object'
  no function named 'object' found in this script or imported scripts
  cannot resolve type 'object'
  unrecognized literal 'object' (expected integer, float, string, or bool)
  unresolved name 'object'
  '.' -- object expression failed to compile
  unknown variable 'object'
  unknown reference 'object'
  no native function named 'object'
  no function named 'object' found in this script or imported scripts
  cannot resolve type 'object'
  unrecognized literal 'object' (expected integer, float, string, or bool)
  unresolved name 'object'
  '->' -- pointer expression failed to compile
  cannot resolve type '(GetVelocityAngular object)'
  unknown type 'GetVelocityAngular' for cast/conversion
  '->' -- pointer expression failed to compile
  cannot resolve type '(y (GetVelocityAngular object))'
  unknown type 'y' for cast/conversion
  line 18: no function named 'Abs' found in this script or imported scripts
  no native function named 'y'
  unknown variable 'object'
  unknown reference 'object'
  no native function named 'object'
  no function named 'object' found in this script or imported scripts
  cannot resolve type 'object'
  unrecognized literal 'object' (expected integer, float, string, or bool)
  unresolved name 'object'
  argument 1 to function 'GetVelocityAngular' failed to compile
  unknown variable 'object'
  unknown reference 'object'
  no native function named 'object'
  no function named 'object' found in this script or imported scripts
  cannot resolve type 'object'
  unrecognized literal 'object' (expected integer, float, string, or bool)
  unresolved name 'object'
  no function named 'GetVelocityAngular' found in this script or imported scripts
  unknown variable 'object'
  unknown reference 'object'
  no native function named 'object'
  no function named 'object' found in this script or imported scripts
  cannot resolve type 'object'
  unrecognized literal 'object' (expected integer, float, string, or bool)
  unresolved name 'object'
  '.' -- object expression failed to compile
  unknown variable 'object'
  unknown reference 'object'
  no native function named 'object'
  no function named 'object' found in this script or imported scripts
  cannot resolve type 'object'
  unrecognized literal 'object' (expected integer, float, string, or bool)
  unresolved name 'object'
  '->' -- pointer expression failed to compile
  cannot resolve type '(GetVelocityAngular object)'
  unknown type 'GetVelocityAngular' for cast/conversion
  no function named 'y' found in this script or imported scripts
  unknown variable 'object'
  unknown reference 'object'
  no native function named 'object'
  no function named 'object' found in this script or imported scripts
  cannot resolve type 'object'
  unrecognized literal 'object' (expected integer, float, string, or bool)
  unresolved name 'object'
  argument 1 to function 'GetVelocityAngular' failed to compile
  unknown variable 'object'
  unknown reference 'object'
  no native function named 'object'
  no function named 'object' found in this script or imported scripts
  cannot resolve type 'object'
  unrecognized literal 'object' (expected integer, float, string, or bool)
  unresolved name 'object'
  no function named 'GetVelocityAngular' found in this script or imported scripts
  unknown variable 'object'
  unknown reference 'object'
  no native function named 'object'
  no function named 'object' found in this script or imported scripts
  cannot resolve type 'object'
  unrecognized literal 'object' (expected integer, float, string, or bool)
  unresolved name 'object'
  '.' -- object expression failed to compile
  unknown variable 'object'
  unknown reference 'object'
  no native function named 'object'
  no function named 'object' found in this script or imported scripts
  cannot resolve type 'object'
  unrecognized literal 'object' (expected integer, float, string, or bool)
  unresolved name 'object'
  '->' -- pointer expression failed to compile
  cannot resolve type '(GetVelocityAngular object)'
  unknown type 'GetVelocityAngular' for cast/conversion
  '.' -- object expression failed to compile
  unknown variable 'object'
  unknown reference 'object'
  no native function named 'object'
  no function named 'object' found in this script or imported scripts
  cannot resolve type 'object'
  unrecognized literal 'object' (expected integer, float, string, or bool)
  unresolved name 'object'
  argument 1 to function 'GetVelocityAngular' failed to compile
  unknown variable 'object'
  unknown reference 'object'
  no native function named 'object'
  no function named 'object' found in this script or imported scripts
  cannot resolve type 'object'
  unrecognized literal 'object' (expected integer, float, string, or bool)
  unresolved name 'object'
  no function named 'GetVelocityAngular' found in this script or imported scripts
  unknown variable 'object'
  unknown reference 'object'
  no native function named 'object'
  no function named 'object' found in this script or imported scripts
  cannot resolve type 'object'
  unrecognized literal 'object' (expected integer, float, string, or bool)
  unresolved name 'object'
  '.' -- object expression failed to compile
  unknown variable 'object'
  unknown reference 'object'
  no native function named 'object'
  no function named 'object' found in this script or imported scripts
  cannot resolve type 'object'
  unrecognized literal 'object' (expected integer, float, string, or bool)
  unresolved name 'object'
  '->' -- pointer expression failed to compile
  cannot resolve type '(GetVelocityAngular object)'
  unknown type 'GetVelocityAngular' for cast/conversion
  '->' -- pointer expression failed to compile
  cannot resolve type '(y (GetVelocityAngular object))'
  unknown type 'y' for cast/conversion
  line 18: '.' -- object expression failed to compile
  no native function named 'y'
  unknown variable 'object'
  unknown reference 'object'
  no native function named 'object'
  no function named 'object' found in this script or imported scripts
  cannot resolve type 'object'
  unrecognized literal 'object' (expected integer, float, string, or bool)
  unresolved name 'object'
  argument 1 to function 'GetVelocityAngular' failed to compile
  unknown variable 'object'
  unknown reference 'object'
  no native function named 'object'
  no function named 'object' found in this script or imported scripts
  cannot resolve type 'object'
  unrecognized literal 'object' (expected integer, float, string, or bool)
  unresolved name 'object'
  no function named 'GetVelocityAngular' found in this script or imported scripts
  unknown variable 'object'
  unknown reference 'object'
  no native function named 'object'
  no function named 'object' found in this script or imported scripts
  cannot resolve type 'object'
  unrecognized literal 'object' (expected integer, float, string, or bool)
  unresolved name 'object'
  '.' -- object expression failed to compile
  unknown variable 'object'
  unknown reference 'object'
  no native function named 'object'
  no function named 'object' found in this script or imported scripts
  cannot resolve type 'object'
  unrecognized literal 'object' (expected integer, float, string, or bool)
  unresolved name 'object'
  '->' -- pointer expression failed to compile
  cannot resolve type '(GetVelocityAngular object)'
  unknown type 'GetVelocityAngular' for cast/conversion
  no function named 'y' found in this script or imported scripts
  unknown variable 'object'
  unknown reference 'object'
  no native function named 'object'
  no function named 'object' found in this script or imported scripts
  cannot resolve type 'object'
  unrecognized literal 'object' (expected integer, float, string, or bool)
  unresolved name 'object'
  argument 1 to function 'GetVelocityAngular' failed to compile
  unknown variable 'object'
  unknown reference 'object'
  no native function named 'object'
  no function named 'object' found in this script or imported scripts
  cannot resolve type 'object'
  unrecognized literal 'object' (expected integer, float, string, or bool)
  unresolved name 'object'
  no function named 'GetVelocityAngular' found in this script or imported scripts
  unknown variable 'object'
  unknown reference 'object'
  no native function named 'object'
  no function named 'object' found in this script or imported scripts
  cannot resolve type 'object'
  unrecognized literal 'object' (expected integer, float, string, or bool)
  unresolved name 'object'
  '.' -- object expression failed to compile
  unknown variable 'object'
  unknown reference 'object'
  no native function named 'object'
  no function named 'object' found in this script or imported scripts
  cannot resolve type 'object'
  unrecognized literal 'object' (expected integer, float, string, or bool)
  unresolved name 'object'
  '->' -- pointer expression failed to compile
  cannot resolve type '(GetVelocityAngular object)'
  unknown type 'GetVelocityAngular' for cast/conversion
  '.' -- object expression failed to compile
  unknown variable 'object'
  unknown reference 'object'
  no native function named 'object'
  no function named 'object' found in this script or imported scripts
  cannot resolve type 'object'
  unrecognized literal 'object' (expected integer, float, string, or bool)
  unresolved name 'object'
  argument 1 to function 'GetVelocityAngular' failed to compile
  unknown variable 'object'
  unknown reference 'object'
  no native function named 'object'
  no function named 'object' found in this script or imported scripts
  cannot resolve type 'object'
  unrecognized literal 'object' (expected integer, float, string, or bool)
  unresolved name 'object'
  no function named 'GetVelocityAngular' found in this script or imported scripts
  unknown variable 'object'
  unknown reference 'object'
  no native function named 'object'
  no function named 'object' found in this script or imported scripts
  cannot resolve type 'object'
  unrecognized literal 'object' (expected integer, float, string, or bool)
  unresolved name 'object'
  '.' -- object expression failed to compile
  unknown variable 'object'
  unknown reference 'object'
  no native function named 'object'
  no function named 'object' found in this script or imported scripts
  cannot resolve type 'object'
  unrecognized literal 'object' (expected integer, float, string, or bool)
  unresolved name 'object'
  '->' -- pointer expression failed to compile
  cannot resolve type '(GetVelocityAngular object)'
  unknown type 'GetVelocityAngular' for cast/conversion
  '->' -- pointer expression failed to compile
  cannot resolve type '(y (GetVelocityAngular object))'
  unknown type 'y' for cast/conversion
  line 18: '->' -- pointer expression failed to compile
  line 18: cannot resolve type '(Abs (y (GetVelocityAngular object)))'
  line 18: unknown type 'Abs' for cast/conversion
  line 18: no function named 'ExpDecay' found in this script or imported scripts
  line 18: '.' field access expects 1 argument (object)
  line 18: '->' dereference expects 1 argument (pointer)
  line 18: cannot resolve type '(ExpDecay (Abs (y (GetVelocityAngular object))) 1.0)'
  line 18: argument 2 to function '-' failed to compile
  line 18: unknown variable '1.0'
  line 18: unknown reference '1.0'
  line 18: no native function named '1.0'
  line 18: no function named '1.0' found in this script or imported scripts
  line 18: cannot resolve type '1.0'
  line 18: no function named '-' found in this script or imported scripts
  line 18: '.' field access expects 1 argument (object)
  line 18: '->' dereference expects 1 argument (pointer)
  line 18: cannot resolve type '(- 1.0 (ExpDecay (Abs (y (GetVelocityAngular object))) 1.0))'
  line 19: unknown variable '1.0'
  line 19: unknown reference '1.0'
  line 19: no native function named '1.0'
  line 19: no function named '1.0' found in this script or imported scripts
  line 19: cannot resolve type '1.0'
  line 19: unknown variable '0.0'
  line 19: unknown reference '0.0'
  line 19: no native function named '0.0'
  line 19: no function named '0.0' found in this script or imported scripts
  line 19: cannot resolve type '0.0'
  no native function named 'z'
  unknown variable 'object'
  unknown reference 'object'
  no native function named 'object'
  no function named 'object' found in this script or imported scripts
  cannot resolve type 'object'
  unrecognized literal 'object' (expected integer, float, string, or bool)
  unresolved name 'object'
  argument 1 to function 'GetVelocityAngular' failed to compile
  unknown variable 'object'
  unknown reference 'object'
  no native function named 'object'
  no function named 'object' found in this script or imported scripts
  cannot resolve type 'object'
  unrecognized literal 'object' (expected integer, float, string, or bool)
  unresolved name 'object'
  no function named 'GetVelocityAngular' found in this script or imported scripts
  unknown variable 'object'
  unknown reference 'object'
  no native function named 'object'
  no function named 'object' found in this script or imported scripts
  cannot resolve type 'object'
  unrecognized literal 'object' (expected integer, float, string, or bool)
  unresolved name 'object'
  '.' -- object expression failed to compile
  unknown variable 'object'
  unknown reference 'object'
  no native function named 'object'
  no function named 'object' found in this script or imported scripts
  cannot resolve type 'object'
  unrecognized literal 'object' (expected integer, float, string, or bool)
  unresolved name 'object'
  '->' -- pointer expression failed to compile
  cannot resolve type '(GetVelocityAngular object)'
  unknown type 'GetVelocityAngular' for cast/conversion
  no function named 'z' found in this script or imported scripts
  unknown variable 'object'
  unknown reference 'object'
  no native function named 'object'
  no function named 'object' found in this script or imported scripts
  cannot resolve type 'object'
  unrecognized literal 'object' (expected integer, float, string, or bool)
  unresolved name 'object'
  argument 1 to function 'GetVelocityAngular' failed to compile
  unknown variable 'object'
  unknown reference 'object'
  no native function named 'object'
  no function named 'object' found in this script or imported scripts
  cannot resolve type 'object'
  unrecognized literal 'object' (expected integer, float, string, or bool)
  unresolved name 'object'
  no function named 'GetVelocityAngular' found in this script or imported scripts
  unknown variable 'object'
  unknown reference 'object'
  no native function named 'object'
  no function named 'object' found in this script or imported scripts
  cannot resolve type 'object'
  unrecognized literal 'object' (expected integer, float, string, or bool)
  unresolved name 'object'
  '.' -- object expression failed to compile
  unknown variable 'object'
  unknown reference 'object'
  no native function named 'object'
  no function named 'object' found in this script or imported scripts
  cannot resolve type 'object'
  unrecognized literal 'object' (expected integer, float, string, or bool)
  unresolved name 'object'
  '->' -- pointer expression failed to compile
  cannot resolve type '(GetVelocityAngular object)'
  unknown type 'GetVelocityAngular' for cast/conversion
  '.' -- object expression failed to compile
  unknown variable 'object'
  unknown reference 'object'
  no native function named 'object'
  no function named 'object' found in this script or imported scripts
  cannot resolve type 'object'
  unrecognized literal 'object' (expected integer, float, string, or bool)
  unresolved name 'object'
  argument 1 to function 'GetVelocityAngular' failed to compile
  unknown variable 'object'
  unknown reference 'object'
  no native function named 'object'
  no function named 'object' found in this script or imported scripts
  cannot resolve type 'object'
  unrecognized literal 'object' (expected integer, float, string, or bool)
  unresolved name 'object'
  no function named 'GetVelocityAngular' found in this script or imported scripts
  unknown variable 'object'
  unknown reference 'object'
  no native function named 'object'
  no function named 'object' found in this script or imported scripts
  cannot resolve type 'object'
  unrecognized literal 'object' (expected integer, float, string, or bool)
  unresolved name 'object'
  '.' -- object expression failed to compile
  unknown variable 'object'
  unknown reference 'object'
  no native function named 'object'
  no function named 'object' found in this script or imported scripts
  cannot resolve type 'object'
  unrecognized literal 'object' (expected integer, float, string, or bool)
  unresolved name 'object'
  '->' -- pointer expression failed to compile
  cannot resolve type '(GetVelocityAngular object)'
  unknown type 'GetVelocityAngular' for cast/conversion
  '->' -- pointer expression failed to compile
  cannot resolve type '(z (GetVelocityAngular object))'
  unknown type 'z' for cast/conversion
  line 19: argument 2 to function 'Max' failed to compile
  line 19: unknown variable '0.0'
  line 19: unknown reference '0.0'
  line 19: no native function named '0.0'
  line 19: no function named '0.0' found in this script or imported scripts
  line 19: cannot resolve type '0.0'
  line 19: no function named 'Max' found in this script or imported scripts
  line 19: '.' field access expects 1 argument (object)
  line 19: '->' dereference expects 1 argument (pointer)
  line 19: cannot resolve type '(Max 0.0 (z (GetVelocityAngular object)))'
  line 19: argument 1 to function 'ExpDecay' failed to compile
  line 19: unknown variable '0.0'
  line 19: unknown reference '0.0'
  line 19: no native function named '0.0'
  line 19: no function named '0.0' found in this script or imported scripts
  line 19: cannot resolve type '0.0'
  no native function named 'z'
  unknown variable 'object'
  unknown reference 'object'
  no native function named 'object'
  no function named 'object' found in this script or imported scripts
  cannot resolve type 'object'
  unrecognized literal 'object' (expected integer, float, string, or bool)
  unresolved name 'object'
  argument 1 to function 'GetVelocityAngular' failed to compile
  unknown variable 'object'
  unknown reference 'object'
  no native function named 'object'
  no function named 'object' found in this script or imported scripts
  cannot resolve type 'object'
  unrecognized literal 'object' (expected integer, float, string, or bool)
  unresolved name 'object'
  no function named 'GetVelocityAngular' found in this script or imported scripts
  unknown variable 'object'
  unknown reference 'object'
  no native function named 'object'
  no function named 'object' found in this script or imported scripts
  cannot resolve type 'object'
  unrecognized literal 'object' (expected integer, float, string, or bool)
  unresolved name 'object'
  '.' -- object expression failed to compile
  unknown variable 'object'
  unknown reference 'object'
  no native function named 'object'
  no function named 'object' found in this script or imported scripts
  cannot resolve type 'object'
  unrecognized literal 'object' (expected integer, float, string, or bool)
  unresolved name 'object'
  '->' -- pointer expression failed to compile
  cannot resolve type '(GetVelocityAngular object)'
  unknown type 'GetVelocityAngular' for cast/conversion
  no function named 'z' found in this script or imported scripts
  unknown variable 'object'
  unknown reference 'object'
  no native function named 'object'
  no function named 'object' found in this script or imported scripts
  cannot resolve type 'object'
  unrecognized literal 'object' (expected integer, float, string, or bool)
  unresolved name 'object'
  argument 1 to function 'GetVelocityAngular' failed to compile
  unknown variable 'object'
  unknown reference 'object'
  no native function named 'object'
  no function named 'object' found in this script or imported scripts
  cannot resolve type 'object'
  unrecognized literal 'object' (expected integer, float, string, or bool)
  unresolved name 'object'
  no function named 'GetVelocityAngular' found in this script or imported scripts
  unknown variable 'object'
  unknown reference 'object'
  no native function named 'object'
  no function named 'object' found in this script or imported scripts
  cannot resolve type 'object'
  unrecognized literal 'object' (expected integer, float, string, or bool)
  unresolved name 'object'
  '.' -- object expression failed to compile
  unknown variable 'object'
  unknown reference 'object'
  no native function named 'object'
  no function named 'object' found in this script or imported scripts
  cannot resolve type 'object'
  unrecognized literal 'object' (expected integer, float, string, or bool)
  unresolved name 'object'
  '->' -- pointer expression failed to compile
  cannot resolve type '(GetVelocityAngular object)'
  unknown type 'GetVelocityAngular' for cast/conversion
  '.' -- object expression failed to compile
  unknown variable 'object'
  unknown reference 'object'
  no native function named 'object'
  no function named 'object' found in this script or imported scripts
  cannot resolve type 'object'
  unrecognized literal 'object' (expected integer, float, string, or bool)
  unresolved name 'object'
  argument 1 to function 'GetVelocityAngular' failed to compile
  unknown variable 'object'
  unknown reference 'object'
  no native function named 'object'
  no function named 'object' found in this script or imported scripts
  cannot resolve type 'object'
  unrecognized literal 'object' (expected integer, float, string, or bool)
  unresolved name 'object'
  no function named 'GetVelocityAngular' found in this script or imported scripts
  unknown variable 'object'
  unknown reference 'object'
  no native function named 'object'
  no function named 'object' found in this script or imported scripts
  cannot resolve type 'object'
  unrecognized literal 'object' (expected integer, float, string, or bool)
  unresolved name 'object'
  '.' -- object expression failed to compile
  unknown variable 'object'
  unknown reference 'object'
  no native function named 'object'
  no function named 'object' found in this script or imported scripts
  cannot resolve type 'object'
  unrecognized literal 'object' (expected integer, float, string, or bool)
  unresolved name 'object'
  '->' -- pointer expression failed to compile
  cannot resolve type '(GetVelocityAngular object)'
  unknown type 'GetVelocityAngular' for cast/conversion
  '->' -- pointer expression failed to compile
  cannot resolve type '(z (GetVelocityAngular object))'
  unknown type 'z' for cast/conversion
  line 19: argument 2 to function 'Max' failed to compile
  line 19: unknown variable '0.0'
  line 19: unknown reference '0.0'
  line 19: no native function named '0.0'
  line 19: no function named '0.0' found in this script or imported scripts
  line 19: cannot resolve type '0.0'
  line 19: no function named 'Max' found in this script or imported scripts
  line 19: '.' field access expects 1 argument (object)
  line 19: '->' dereference expects 1 argument (pointer)
  line 19: cannot resolve type '(Max 0.0 (z (GetVelocityAngular object)))'
  line 19: no function named 'ExpDecay' found in this script or imported scripts
  line 19: '.' field access expects 1 argument (object)
  line 19: '->' dereference expects 1 argument (pointer)
  line 19: cannot resolve type '(ExpDecay (Max 0.0 (z (GetVelocityAngular object))) 2.0)'
  line 19: argument 2 to function '-' failed to compile
  line 19: unknown variable '1.0'
  line 19: unknown reference '1.0'
  line 19: no native function named '1.0'
  line 19: no function named '1.0' found in this script or imported scripts
  line 19: cannot resolve type '1.0'
  line 19: no function named '-' found in this script or imported scripts
  line 19: '.' field access expects 1 argument (object)
  line 19: '->' dereference expects 1 argument (pointer)
  line 19: cannot resolve type '(- 1.0 (ExpDecay (Max 0.0 (z (GetVelocityAngular object))) 2.0))'
  line 20: unknown variable '1.0'
  line 20: unknown reference '1.0'
  line 20: no native function named '1.0'
  line 20: no function named '1.0' found in this script or imported scripts
  line 20: cannot resolve type '1.0'
  line 20: unknown variable '0.0'
  line 20: unknown reference '0.0'
  line 20: no native function named '0.0'
  line 20: no function named '0.0' found in this script or imported scripts
  line 20: cannot resolve type '0.0'
  line 20: unknown variable '-1.0'
  line 20: unknown reference '-1.0'
  line 20: no native function named '-1.0'
  line 20: no function named '-1.0' found in this script or imported scripts
  line 20: cannot resolve type '-1.0'
  no native function named 'z'
  unknown variable 'object'
  unknown reference 'object'
  no native function named 'object'
  no function named 'object' found in this script or imported scripts
  cannot resolve type 'object'
  unrecognized literal 'object' (expected integer, float, string, or bool)
  unresolved name 'object'
  argument 1 to function 'GetVelocityAngular' failed to compile
  unknown variable 'object'
  unknown reference 'object'
  no native function named 'object'
  no function named 'object' found in this script or imported scripts
  cannot resolve type 'object'
  unrecognized literal 'object' (expected integer, float, string, or bool)
  unresolved name 'object'
  no function named 'GetVelocityAngular' found in this script or imported scripts
  unknown variable 'object'
  unknown reference 'object'
  no native function named 'object'
  no function named 'object' found in this script or imported scripts
  cannot resolve type 'object'
  unrecognized literal 'object' (expected integer, float, string, or bool)
  unresolved name 'object'
  '.' -- object expression failed to compile
  unknown variable 'object'
  unknown reference 'object'
  no native function named 'object'
  no function named 'object' found in this script or imported scripts
  cannot resolve type 'object'
  unrecognized literal 'object' (expected integer, float, string, or bool)
  unresolved name 'object'
  '->' -- pointer expression failed to compile
  cannot resolve type '(GetVelocityAngular object)'
  unknown type 'GetVelocityAngular' for cast/conversion
  no function named 'z' found in this script or imported scripts
  unknown variable 'object'
  unknown reference 'object'
  no native function named 'object'
  no function named 'object' found in this script or imported scripts
  cannot resolve type 'object'
  unrecognized literal 'object' (expected integer, float, string, or bool)
  unresolved name 'object'
  argument 1 to function 'GetVelocityAngular' failed to compile
  unknown variable 'object'
  unknown reference 'object'
  no native function named 'object'
  no function named 'object' found in this script or imported scripts
  cannot resolve type 'object'
  unrecognized literal 'object' (expected integer, float, string, or bool)
  unresolved name 'object'
  no function named 'GetVelocityAngular' found in this script or imported scripts
  unknown variable 'object'
  unknown reference 'object'
  no native function named 'object'
  no function named 'object' found in this script or imported scripts
  cannot resolve type 'object'
  unrecognized literal 'object' (expected integer, float, string, or bool)
  unresolved name 'object'
  '.' -- object expression failed to compile
  unknown variable 'object'
  unknown reference 'object'
  no native function named 'object'
  no function named 'object' found in this script or imported scripts
  cannot resolve type 'object'
  unrecognized literal 'object' (expected integer, float, string, or bool)
  unresolved name 'object'
  '->' -- pointer expression failed to compile
  cannot resolve type '(GetVelocityAngular object)'
  unknown type 'GetVelocityAngular' for cast/conversion
  '.' -- object expression failed to compile
  unknown variable 'object'
  unknown reference 'object'
  no native function named 'object'
  no function named 'object' found in this script or imported scripts
  cannot resolve type 'object'
  unrecognized literal 'object' (expected integer, float, string, or bool)
  unresolved name 'object'
  argument 1 to function 'GetVelocityAngular' failed to compile
  unknown variable 'object'
  unknown reference 'object'
  no native function named 'object'
  no function named 'object' found in this script or imported scripts
  cannot resolve type 'object'
  unrecognized literal 'object' (expected integer, float, string, or bool)
  unresolved name 'object'
  no function named 'GetVelocityAngular' found in this script or imported scripts
  unknown variable 'object'
  unknown reference 'object'
  no native function named 'object'
  no function named 'object' found in this script or imported scripts
  cannot resolve type 'object'
  unrecognized literal 'object' (expected integer, float, string, or bool)
  unresolved name 'object'
  '.' -- object expression failed to compile
  unknown variable 'object'
  unknown reference 'object'
  no native function named 'object'
  no function named 'object' found in this script or imported scripts
  cannot resolve type 'object'
  unrecognized literal 'object' (expected integer, float, string, or bool)
  unresolved name 'object'
  '->' -- pointer expression failed to compile
  cannot resolve type '(GetVelocityAngular object)'
  unknown type 'GetVelocityAngular' for cast/conversion
  '->' -- pointer expression failed to compile
  cannot resolve type '(z (GetVelocityAngular object))'
  unknown type 'z' for cast/conversion
  line 20: argument 2 to function '*' failed to compile
  line 20: unknown variable '-1.0'
  line 20: unknown reference '-1.0'
  line 20: no native function named '-1.0'
  line 20: no function named '-1.0' found in this script or imported scripts
  line 20: cannot resolve type '-1.0'
  line 20: no function named '*' found in this script or imported scripts
  line 20: '.' field access expects 1 argument (object)
  line 20: '->' dereference expects 1 argument (pointer)
  line 20: cannot resolve type '(* -1.0 (z (GetVelocityAngular object)))'
  line 20: argument 2 to function 'Max' failed to compile
  line 20: unknown variable '0.0'
  line 20: unknown reference '0.0'
  line 20: no native function named '0.0'
  line 20: no function named '0.0' found in this script or imported scripts
  line 20: cannot resolve type '0.0'
  line 20: no function named 'Max' found in this script or imported scripts
  line 20: '.' field access expects 1 argument (object)
  line 20: '->' dereference expects 1 argument (pointer)
  line 20: cannot resolve type '(Max 0.0 (* -1.0 (z (GetVelocityAngular object))))'
  line 20: argument 1 to function 'ExpDecay' failed to compile
  line 20: unknown variable '0.0'
  line 20: unknown reference '0.0'
  line 20: no native function named '0.0'
  line 20: no function named '0.0' found in this script or imported scripts
  line 20: cannot resolve type '0.0'
  line 20: unknown variable '-1.0'
  line 20: unknown reference '-1.0'
  line 20: no native function named '-1.0'
  line 20: no function named '-1.0' found in this script or imported scripts
  line 20: cannot resolve type '-1.0'
  no native function named 'z'
  unknown variable 'object'
  unknown reference 'object'
  no native function named 'object'
  no function named 'object' found in this script or imported scripts
  cannot resolve type 'object'
  unrecognized literal 'object' (expected integer, float, string, or bool)
  unresolved name 'object'
  argument 1 to function 'GetVelocityAngular' failed to compile
  unknown variable 'object'
  unknown reference 'object'
  no native function named 'object'
  no function named 'object' found in this script or imported scripts
  cannot resolve type 'object'
  unrecognized literal 'object' (expected integer, float, string, or bool)
  unresolved name 'object'
  no function named 'GetVelocityAngular' found in this script or imported scripts
  unknown variable 'object'
  unknown reference 'object'
  no native function named 'object'
  no function named 'object' found in this script or imported scripts
  cannot resolve type 'object'
  unrecognized literal 'object' (expected integer, float, string, or bool)
  unresolved name 'object'
  '.' -- object expression failed to compile
  unknown variable 'object'
  unknown reference 'object'
  no native function named 'object'
  no function named 'object' found in this script or imported scripts
  cannot resolve type 'object'
  unrecognized literal 'object' (expected integer, float, string, or bool)
  unresolved name 'object'
  '->' -- pointer expression failed to compile
  cannot resolve type '(GetVelocityAngular object)'
  unknown type 'GetVelocityAngular' for cast/conversion
  no function named 'z' found in this script or imported scripts
  unknown variable 'object'
  unknown reference 'object'
  no native function named 'object'
  no function named 'object' found in this script or imported scripts
  cannot resolve type 'object'
  unrecognized literal 'object' (expected integer, float, string, or bool)
  unresolved name 'object'
  argument 1 to function 'GetVelocityAngular' failed to compile
  unknown variable 'object'
  unknown reference 'object'
  no native function named 'object'
  no function named 'object' found in this script or imported scripts
  cannot resolve type 'object'
  unrecognized literal 'object' (expected integer, float, string, or bool)
  unresolved name 'object'
  no function named 'GetVelocityAngular' found in this script or imported scripts
  unknown variable 'object'
  unknown reference 'object'
  no native function named 'object'
  no function named 'object' found in this script or imported scripts
  cannot resolve type 'object'
  unrecognized literal 'object' (expected integer, float, string, or bool)
  unresolved name 'object'
  '.' -- object expression failed to compile
  unknown variable 'object'
  unknown reference 'object'
  no native function named 'object'
  no function named 'object' found in this script or imported scripts
  cannot resolve type 'object'
  unrecognized literal 'object' (expected integer, float, string, or bool)
  unresolved name 'object'
  '->' -- pointer expression failed to compile
  cannot resolve type '(GetVelocityAngular object)'
  unknown type 'GetVelocityAngular' for cast/conversion
  '.' -- object expression failed to compile
  unknown variable 'object'
  unknown reference 'object'
  no native function named 'object'
  no function named 'object' found in this script or imported scripts
  cannot resolve type 'object'
  unrecognized literal 'object' (expected integer, float, string, or bool)
  unresolved name 'object'
  argument 1 to function 'GetVelocityAngular' failed to compile
  unknown variable 'object'
  unknown reference 'object'
  no native function named 'object'
  no function named 'object' found in this script or imported scripts
  cannot resolve type 'object'
  unrecognized literal 'object' (expected integer, float, string, or bool)
  unresolved name 'object'
  no function named 'GetVelocityAngular' found in this script or imported scripts
  unknown variable 'object'
  unknown reference 'object'
  no native function named 'object'
  no function named 'object' found in this script or imported scripts
  cannot resolve type 'object'
  unrecognized literal 'object' (expected integer, float, string, or bool)
  unresolved name 'object'
  '.' -- object expression failed to compile
  unknown variable 'object'
  unknown reference 'object'
  no native function named 'object'
  no function named 'object' found in this script or imported scripts
  cannot resolve type 'object'
  unrecognized literal 'object' (expected integer, float, string, or bool)
  unresolved name 'object'
  '->' -- pointer expression failed to compile
  cannot resolve type '(GetVelocityAngular object)'
  unknown type 'GetVelocityAngular' for cast/conversion
  '->' -- pointer expression failed to compile
  cannot resolve type '(z (GetVelocityAngular object))'
  unknown type 'z' for cast/conversion
  line 20: argument 2 to function '*' failed to compile
  line 20: unknown variable '-1.0'
  line 20: unknown reference '-1.0'
  line 20: no native function named '-1.0'
  line 20: no function named '-1.0' found in this script or imported scripts
  line 20: cannot resolve type '-1.0'
  line 20: no function named '*' found in this script or imported scripts
  line 20: '.' field access expects 1 argument (object)
  line 20: '->' dereference expects 1 argument (pointer)
  line 20: cannot resolve type '(* -1.0 (z (GetVelocityAngular object)))'
  line 20: argument 2 to function 'Max' failed to compile
  line 20: unknown variable '0.0'
  line 20: unknown reference '0.0'
  line 20: no native function named '0.0'
  line 20: no function named '0.0' found in this script or imported scripts
  line 20: cannot resolve type '0.0'
  line 20: no function named 'Max' found in this script or imported scripts
  line 20: '.' field access expects 1 argument (object)
  line 20: '->' dereference expects 1 argument (pointer)
  line 20: cannot resolve type '(Max 0.0 (* -1.0 (z (GetVelocityAngular object))))'
  line 20: no function named 'ExpDecay' found in this script or imported scripts
  line 20: '.' field access expects 1 argument (object)
  line 20: '->' dereference expects 1 argument (pointer)
  line 20: cannot resolve type '(ExpDecay (Max 0.0 (* -1.0 (z (GetVelocityAngular object)))) 2.0)'
  line 20: argument 2 to function '-' failed to compile
  line 20: unknown variable '1.0'
  line 20: unknown reference '1.0'
  line 20: no native function named '1.0'
  line 20: no function named '1.0' found in this script or imported scripts
  line 20: cannot resolve type '1.0'
  line 20: no function named '-' found in this script or imported scripts
  line 20: '.' field access expects 1 argument (object)
  line 20: '->' dereference expects 1 argument (pointer)
  line 20: cannot resolve type '(- 1.0 (ExpDecay (Max 0.0 (* -1.0 (z (GetVelocityAngular object)))) 2.0))'
  line 21: unknown variable '0'
  line 21: unknown reference '0'
  line 21: no native function named '0'
  line 21: no function named '0' found in this script or imported scripts
  line 21: cannot resolve type '0'
  line 21: unknown variable '1'
  line 21: unknown reference '1'
  line 21: no native function named '1'
  line 21: no function named '1' found in this script or imported scripts
  line 21: cannot resolve type '1'
  line 21: unknown variable '0.001'
  line 21: unknown reference '0.001'
  line 21: no native function named '0.001'
  line 21: no function named '0.001' found in this script or imported scripts
  line 21: cannot resolve type '0.001'
  line 21: unknown variable '1'
  line 21: unknown reference '1'
  line 21: no native function named '1'
  line 21: no function named '1' found in this script or imported scripts
  line 21: cannot resolve type '1'
  line 21: unknown variable '1'
  line 21: unknown reference '1'
  line 21: no native function named '1'
  line 21: no function named '1' found in this script or imported scripts
  line 21: cannot resolve type '1'
  line 21: unknown variable '0.0'
  line 21: unknown reference '0.0'
  line 21: no native function named '0.0'
  line 21: no function named '0.0' found in this script or imported scripts
  line 21: cannot resolve type '0.0'
  line 21: unknown variable '0.1'
  line 21: unknown reference '0.1'
  line 21: no native function named '0.1'
  line 21: no function named '0.1' found in this script or imported scripts
  line 21: cannot resolve type '0.1'
  line 21: unknown variable 'vazp'
  line 21: unknown reference 'vazp'
  line 21: no native function named 'vazp'
  line 21: no function named 'vazp' found in this script or imported scripts
  line 21: cannot resolve type 'vazp'
  line 21: unrecognized literal 'vazp' (expected integer, float, string, or bool)
  line 21: unresolved name 'vazp'
  line 21: argument 2 to function '*' failed to compile
  line 21: unknown variable '0.1'
  line 21: unknown reference '0.1'
  line 21: no native function named '0.1'
  line 21: no function named '0.1' found in this script or imported scripts
  line 21: cannot resolve type '0.1'
  line 21: no function named '*' found in this script or imported scripts
  line 21: '.' field access expects 1 argument (object)
  line 21: '->' dereference expects 1 argument (pointer)
  line 21: cannot resolve type '(* 0.1 vazp)'
  line 21: argument 7 to function 'Glyph_Arc' failed to compile
  line 21: unknown variable '0'
  line 21: unknown reference '0'
  line 21: no native function named '0'
  line 21: no function named '0' found in this script or imported scripts
  line 21: cannot resolve type '0'
  line 21: no function named 'Glyph_Arc' found in this script or imported scripts
  line 21: '.' field access expects 1 argument (object)
  line 21: '->' dereference expects 1 argument (pointer)
  line 21: cannot resolve type '(Glyph_Arc 0 1 0.001 1 1 0.0 (* 0.1 vazp))'
  line 21: argument 1 to function 'Draw' failed to compile
  line 21: unknown variable '0'
  line 21: unknown reference '0'
  line 21: no native function named '0'
  line 21: no function named '0' found in this script or imported scripts
  line 21: cannot resolve type '0'
  line 21: unknown variable '1'
  line 21: unknown reference '1'
  line 21: no native function named '1'
  line 21: no function named '1' found in this script or imported scripts
  line 21: cannot resolve type '1'
  line 21: unknown variable '0.001'
  line 21: unknown reference '0.001'
  line 21: no native function named '0.001'
  line 21: no function named '0.001' found in this script or imported scripts
  line 21: cannot resolve type '0.001'
  line 21: unknown variable '1'
  line 21: unknown reference '1'
  line 21: no native function named '1'
  line 21: no function named '1' found in this script or imported scripts
  line 21: cannot resolve type '1'
  line 21: unknown variable '1'
  line 21: unknown reference '1'
  line 21: no native function named '1'
  line 21: no function named '1' found in this script or imported scripts
  line 21: cannot resolve type '1'
  line 21: unknown variable '0.0'
  line 21: unknown reference '0.0'
  line 21: no native function named '0.0'
  line 21: no function named '0.0' found in this script or imported scripts
  line 21: cannot resolve type '0.0'
  line 21: unknown variable '0.1'
  line 21: unknown reference '0.1'
  line 21: no native function named '0.1'
  line 21: no function named '0.1' found in this script or imported scripts
  line 21: cannot resolve type '0.1'
  line 21: unknown variable 'vazp'
  line 21: unknown reference 'vazp'
  line 21: no native function named 'vazp'
  line 21: no function named 'vazp' found in this script or imported scripts
  line 21: cannot resolve type 'vazp'
  line 21: unrecognized literal 'vazp' (expected integer, float, string, or bool)
  line 21: unresolved name 'vazp'
  line 21: argument 2 to function '*' failed to compile
  line 21: unknown variable '0.1'
  line 21: unknown reference '0.1'
  line 21: no native function named '0.1'
  line 21: no function named '0.1' found in this script or imported scripts
  line 21: cannot resolve type '0.1'
  line 21: no function named '*' found in this script or imported scripts
  line 21: '.' field access expects 1 argument (object)
  line 21: '->' dereference expects 1 argument (pointer)
  line 21: cannot resolve type '(* 0.1 vazp)'
  line 21: argument 7 to function 'Glyph_Arc' failed to compile
  line 21: unknown variable '0'
  line 21: unknown reference '0'
  line 21: no native function named '0'
  line 21: no function named '0' found in this script or imported scripts
  line 21: cannot resolve type '0'
  line 21: no function named 'Glyph_Arc' found in this script or imported scripts
  line 21: '.' field access expects 1 argument (object)
  line 21: '->' dereference expects 1 argument (pointer)
  line 21: cannot resolve type '(Glyph_Arc 0 1 0.001 1 1 0.0 (* 0.1 vazp))'
  line 21: no function named 'Draw' found in this script or imported scripts
  line 21: '.' field access expects 1 argument (object)
  line 21: '->' dereference expects 1 argument (pointer)
  line 21: cannot resolve type '(Draw (Glyph_Arc 0 1 0.001 1 1 0.0 (* 0.1 vazp)) (- pos offset) 112 color (* vazp opacity))'
  line 22: unknown variable '0'
  line 22: unknown reference '0'
  line 22: no native function named '0'
  line 22: no function named '0' found in this script or imported scripts
  line 22: cannot resolve type '0'
  line 22: unknown variable '1'
  line 22: unknown reference '1'
  line 22: no native function named '1'
  line 22: no function named '1' found in this script or imported scripts
  line 22: cannot resolve type '1'
  line 22: unknown variable '0.001'
  line 22: unknown reference '0.001'
  line 22: no native function named '0.001'
  line 22: no function named '0.001' found in this script or imported scripts
  line 22: cannot resolve type '0.001'
  line 22: unknown variable '1'
  line 22: unknown reference '1'
  line 22: no native function named '1'
  line 22: no function named '1' found in this script or imported scripts
  line 22: cannot resolve type '1'
  line 22: unknown variable '1'
  line 22: unknown reference '1'
  line 22: no native function named '1'
  line 22: no function named '1' found in this script or imported scripts
  line 22: cannot resolve type '1'
  line 22: unknown variable '0.5'
  line 22: unknown reference '0.5'
  line 22: no native function named '0.5'
  line 22: no function named '0.5' found in this script or imported scripts
  line 22: cannot resolve type '0.5'
  line 22: unknown variable '0.1'
  line 22: unknown reference '0.1'
  line 22: no native function named '0.1'
  line 22: no function named '0.1' found in this script or imported scripts
  line 22: cannot resolve type '0.1'
  line 22: unknown variable 'vazn'
  line 22: unknown reference 'vazn'
  line 22: no native function named 'vazn'
  line 22: no function named 'vazn' found in this script or imported scripts
  line 22: cannot resolve type 'vazn'
  line 22: unrecognized literal 'vazn' (expected integer, float, string, or bool)
  line 22: unresolved name 'vazn'
  line 22: argument 2 to function '*' failed to compile
  line 22: unknown variable '0.1'
  line 22: unknown reference '0.1'
  line 22: no native function named '0.1'
  line 22: no function named '0.1' found in this script or imported scripts
  line 22: cannot resolve type '0.1'
  line 22: no function named '*' found in this script or imported scripts
  line 22: '.' field access expects 1 argument (object)
  line 22: '->' dereference expects 1 argument (pointer)
  line 22: cannot resolve type '(* 0.1 vazn)'
  line 22: argument 7 to function 'Glyph_Arc' failed to compile
  line 22: unknown variable '0'
  line 22: unknown reference '0'
  line 22: no native function named '0'
  line 22: no function named '0' found in this script or imported scripts
  line 22: cannot resolve type '0'
  line 22: no function named 'Glyph_Arc' found in this script or imported scripts
  line 22: '.' field access expects 1 argument (object)
  line 22: '->' dereference expects 1 argument (pointer)
  line 22: cannot resolve type '(Glyph_Arc 0 1 0.001 1 1 0.5 (* 0.1 vazn))'
  line 22: argument 1 to function 'Draw' failed to compile
  line 22: unknown variable '0'
  line 22: unknown reference '0'
  line 22: no native function named '0'
  line 22: no function named '0' found in this script or imported scripts
  line 22: cannot resolve type '0'
  line 22: unknown variable '1'
  line 22: unknown reference '1'
  line 22: no native function named '1'
  line 22: no function named '1' found in this script or imported scripts
  line 22: cannot resolve type '1'
  line 22: unknown variable '0.001'
  line 22: unknown reference '0.001'
  line 22: no native function named '0.001'
  line 22: no function named '0.001' found in this script or imported scripts
  line 22: cannot resolve type '0.001'
  line 22: unknown variable '1'
  line 22: unknown reference '1'
  line 22: no native function named '1'
  line 22: no function named '1' found in this script or imported scripts
  line 22: cannot resolve type '1'
  line 22: unknown variable '1'
  line 22: unknown reference '1'
  line 22: no native function named '1'
  line 22: no function named '1' found in this script or imported scripts
  line 22: cannot resolve type '1'
  line 22: unknown variable '0.5'
  line 22: unknown reference '0.5'
  line 22: no native function named '0.5'
  line 22: no function named '0.5' found in this script or imported scripts
  line 22: cannot resolve type '0.5'
  line 22: unknown variable '0.1'
  line 22: unknown reference '0.1'
  line 22: no native function named '0.1'
  line 22: no function named '0.1' found in this script or imported scripts
  line 22: cannot resolve type '0.1'
  line 22: unknown variable 'vazn'
  line 22: unknown reference 'vazn'
  line 22: no native function named 'vazn'
  line 22: no function named 'vazn' found in this script or imported scripts
  line 22: cannot resolve type 'vazn'
  line 22: unrecognized literal 'vazn' (expected integer, float, string, or bool)
  line 22: unresolved name 'vazn'
  line 22: argument 2 to function '*' failed to compile
  line 22: unknown variable '0.1'
  line 22: unknown reference '0.1'
  line 22: no native function named '0.1'
  line 22: no function named '0.1' found in this script or imported scripts
  line 22: cannot resolve type '0.1'
  line 22: no function named '*' found in this script or imported scripts
  line 22: '.' field access expects 1 argument (object)
  line 22: '->' dereference expects 1 argument (pointer)
  line 22: cannot resolve type '(* 0.1 vazn)'
  line 22: argument 7 to function 'Glyph_Arc' failed to compile
  line 22: unknown variable '0'
  line 22: unknown reference '0'
  line 22: no native function named '0'
  line 22: no function named '0' found in this script or imported scripts
  line 22: cannot resolve type '0'
  line 22: no function named 'Glyph_Arc' found in this script or imported scripts
  line 22: '.' field access expects 1 argument (object)
  line 22: '->' dereference expects 1 argument (pointer)
  line 22: cannot resolve type '(Glyph_Arc 0 1 0.001 1 1 0.5 (* 0.1 vazn))'
  line 22: no function named 'Draw' found in this script or imported scripts
  line 22: '.' field access expects 1 argument (object)
  line 22: '->' dereference expects 1 argument (pointer)
  line 22: cannot resolve type '(Draw (Glyph_Arc 0 1 0.001 1 1 0.5 (* 0.1 vazn)) (+ pos offset) 112 color (* vazn opacity))'
  line 17: 'var' expects 2 arguments (name, value), but got 3
  line 19: unknown variable 'Draw'
  line 19: unknown reference 'Draw'
  line 19: no overload of 'Draw()' is compatible with these argument types
  line 19:   candidates: void Glyph_Draw(Glyph glyph, Vec2 center, Vec2 scale, Color color, Float alpha), void Icon_Draw(Icon icon, Vec2 center, Vec2 scale, Color color, Float alpha), void Interface_Draw(Interface interface), void WidgetRenderer_DrawTexture(Texture texture, Vec2 pos, Vec2 size, Float alpha)
  line 19: no function named 'Draw' found in this script or imported scripts
  line 19: cannot resolve type 'Draw'
  line 19: unrecognized literal 'Draw' (expected integer, float, string, or bool)
  line 19: unresolved name 'Draw'
  line 19: argument 1 to function '--' failed to compile
  line 19: unknown variable 'Draw'
  line 19: unknown reference 'Draw'
  line 19: no overload of 'Draw()' is compatible with these argument types
  line 19:   candidates: void Glyph_Draw(Glyph glyph, Vec2 center, Vec2 scale, Color color, Float alpha), void Icon_Draw(Icon icon, Vec2 center, Vec2 scale, Color color, Float alpha), void Interface_Draw(Interface interface), void WidgetRenderer_DrawTexture(Texture texture, Vec2 pos, Vec2 size, Float alpha)
  line 19: no function named 'Draw' found in this script or imported scripts
  line 19: cannot resolve type 'Draw'
  line 19: unrecognized literal 'Draw' (expected integer, float, string, or bool)
  line 19: unresolved name 'Draw'
  line 19: no function named '--' found in this script or imported scripts
  line 19: '.' field access expects 1 argument (object)
  line 19: '->' dereference expects 1 argument (pointer)
  line 19: cannot resolve type '(-- Draw (Glyph_LineFade p0 p2 1 1) 0 1 color alpha (Draw (GetIcon target) (+ pos (* n 132.0)) 12 color alpha) (var impact (GetImpact (GetPos object) (GetPos target) (GetVelocity object) (GetVelocity target) speed)) (if (> (t impact) 0.0) (var proj ((Project cam) (position impact))) (if (> (z proj) 0.0) (var ss (Position_Frame proj)) (Draw Icons:Cancel ss 8.0 Colors:Hostile 1.0))))'
'Widget/RadialList' -- 99 compilation error(s):
  line 5: unknown variable 'function'
  line 5: unknown reference 'function'
  line 5: no native function named 'function'
  line 5: no function named 'function' found in this script or imported scripts
  line 5: cannot resolve type 'function'
  line 5: unrecognized literal 'function' (expected integer, float, string, or bool)
  line 5: unresolved name 'function'
  line 5: argument 1 to function '--' failed to compile
  line 5: unknown variable 'function'
  line 5: unknown reference 'function'
  line 5: no native function named 'function'
  line 5: no function named 'function' found in this script or imported scripts
  line 5: cannot resolve type 'function'
  line 5: unrecognized literal 'function' (expected integer, float, string, or bool)
  line 5: unresolved name 'function'
  line 5: no function named '--' found in this script or imported scripts
  line 5: '.' field access expects 1 argument (object)
  line 5: '->' dereference expects 1 argument (pointer)
  line 5: cannot resolve type '(-- function List CreateChildren (Widget self) (CreateChildren widget))'
  line 13: unknown variable 'function'
  line 13: unknown reference 'function'
  line 13: no native function named 'function'
  line 13: no function named 'function' found in this script or imported scripts
  line 13: cannot resolve type 'function'
  line 13: unrecognized literal 'function' (expected integer, float, string, or bool)
  line 13: unresolved name 'function'
  line 13: argument 1 to function '--' failed to compile
  line 13: unknown variable 'function'
  line 13: unknown reference 'function'
  line 13: no native function named 'function'
  line 13: no function named 'function' found in this script or imported scripts
  line 13: cannot resolve type 'function'
  line 13: unrecognized literal 'function' (expected integer, float, string, or bool)
  line 13: unresolved name 'function'
  line 13: no function named '--' found in this script or imported scripts
  line 13: '.' field access expects 1 argument (object)
  line 13: '->' dereference expects 1 argument (pointer)
  line 13: cannot resolve type '(-- function List CreateChildren (Widget self) (var l List) (var children (CreateChildren widget)) (for i 0 (< i (Size children)) (++ i) (var angle (Fract (- ((/ i (Size children))) 0.25))) (var angleSize (/ 1 (Size children))) ((+= l (Custom Widget (RadialSubMenu radius angle angleSize ((Get children) i)))))) l)'
  line 15: function 'PreDraw' is already defined
  no native function named 'pos'
  unknown variable 'child'
  unknown reference 'child'
  no native function named 'child'
  no function named 'child' found in this script or imported scripts
  cannot resolve type 'child'
  unrecognized literal 'child' (expected integer, float, string, or bool)
  unresolved name 'child'
  no function named 'pos' found in this script or imported scripts
  unknown variable 'child'
  unknown reference 'child'
  no native function named 'child'
  no function named 'child' found in this script or imported scripts
  cannot resolve type 'child'
  unrecognized literal 'child' (expected integer, float, string, or bool)
  unresolved name 'child'
  '.' -- object expression failed to compile
  unknown variable 'child'
  unknown reference 'child'
  no native function named 'child'
  no function named 'child' found in this script or imported scripts
  cannot resolve type 'child'
  unrecognized literal 'child' (expected integer, float, string, or bool)
  unresolved name 'child'
  '->' -- pointer expression failed to compile
  cannot resolve type '(pos child)'
  unknown type 'pos' for cast/conversion
  line 21: argument 1 to function '--' failed to compile
  no native function named 'pos'
  unknown variable 'child'
  unknown reference 'child'
  no native function named 'child'
  no function named 'child' found in this script or imported scripts
  cannot resolve type 'child'
  unrecognized literal 'child' (expected integer, float, string, or bool)
  unresolved name 'child'
  no function named 'pos' found in this script or imported scripts
  unknown variable 'child'
  unknown reference 'child'
  no native function named 'child'
  no function named 'child' found in this script or imported scripts
  cannot resolve type 'child'
  unrecognized literal 'child' (expected integer, float, string, or bool)
  unresolved name 'child'
  '.' -- object expression failed to compile
  unknown variable 'child'
  unknown reference 'child'
  no native function named 'child'
  no function named 'child' found in this script or imported scripts
  cannot resolve type 'child'
  unrecognized literal 'child' (expected integer, float, string, or bool)
  unresolved name 'child'
  '->' -- pointer expression failed to compile
  cannot resolve type '(pos child)'
  unknown type 'pos' for cast/conversion
  line 21: no function named '--' found in this script or imported scripts
  line 21: '.' field access expects 1 argument (object)
  line 21: '->' dereference expects 1 argument (pointer)
  line 21: cannot resolve type '(-- (= (pos child) (pos self)) (++ i))'
  line 23: function 'PreUpdate' is already defined
'Widget/Spacer' -- 327 compilation error(s):
  line 5: unknown variable '0'
  line 5: unknown reference '0'
  line 5: no native function named '0'
  line 5: no function named '0' found in this script or imported scripts
  line 5: cannot resolve type '0'
  line 5: unknown variable '1'
  line 5: unknown reference '1'
  line 5: no native function named '1'
  line 5: no function named '1' found in this script or imported scripts
  line 5: cannot resolve type '1'
  line 5: unknown variable '1'
  line 5: unknown reference '1'
  line 5: no native function named '1'
  line 5: no function named '1' found in this script or imported scripts
  line 5: cannot resolve type '1'
  line 5: unknown variable '1'
  line 5: unknown reference '1'
  line 5: no native function named '1'
  line 5: no function named '1' found in this script or imported scripts
  line 5: cannot resolve type '1'
  unknown variable 'self'
  unknown reference 'self'
  no native function named 'self'
  no function named 'self' found in this script or imported scripts
  cannot resolve type 'self'
  unrecognized literal 'self' (expected integer, float, string, or bool)
  unresolved name 'self'
  argument 1 to function 'TopLeft' failed to compile
  unknown variable 'self'
  unknown reference 'self'
  no native function named 'self'
  no function named 'self' found in this script or imported scripts
  cannot resolve type 'self'
  unrecognized literal 'self' (expected integer, float, string, or bool)
  unresolved name 'self'
  no function named 'TopLeft' found in this script or imported scripts
  unknown variable 'self'
  unknown reference 'self'
  no native function named 'self'
  no function named 'self' found in this script or imported scripts
  cannot resolve type 'self'
  unrecognized literal 'self' (expected integer, float, string, or bool)
  unresolved name 'self'
  '.' -- object expression failed to compile
  unknown variable 'self'
  unknown reference 'self'
  no native function named 'self'
  no function named 'self' found in this script or imported scripts
  cannot resolve type 'self'
  unrecognized literal 'self' (expected integer, float, string, or bool)
  unresolved name 'self'
  '->' -- pointer expression failed to compile
  cannot resolve type '(TopLeft self)'
  unknown type 'TopLeft' for cast/conversion
  line 5: argument 2 to function 'Draw' failed to compile
  line 5: unknown variable '0'
  line 5: unknown reference '0'
  line 5: no native function named '0'
  line 5: no function named '0' found in this script or imported scripts
  line 5: cannot resolve type '0'
  line 5: unknown variable '1'
  line 5: unknown reference '1'
  line 5: no native function named '1'
  line 5: no function named '1' found in this script or imported scripts
  line 5: cannot resolve type '1'
  line 5: unknown variable '1'
  line 5: unknown reference '1'
  line 5: no native function named '1'
  line 5: no function named '1' found in this script or imported scripts
  line 5: cannot resolve type '1'
  line 5: unknown variable '1'
  line 5: unknown reference '1'
  line 5: no native function named '1'
  line 5: no function named '1' found in this script or imported scripts
  line 5: cannot resolve type '1'
  line 5: no function named 'Draw' found in this script or imported scripts
  line 5: '.' field access expects 1 argument (object)
  line 5: '->' dereference expects 1 argument (pointer)
  line 5: cannot resolve type '(Draw (Glyph_Circle 0 1 1 1) (TopLeft self) 16 Colors:Primary 0.5)'
  line 3: argument 1 to function '--' failed to compile
  line 5: unknown variable '0'
  line 5: unknown reference '0'
  line 5: no native function named '0'
  line 5: no function named '0' found in this script or imported scripts
  line 5: cannot resolve type '0'
  line 5: unknown variable '1'
  line 5: unknown reference '1'
  line 5: no native function named '1'
  line 5: no function named '1' found in this script or imported scripts
  line 5: cannot resolve type '1'
  line 5: unknown variable '1'
  line 5: unknown reference '1'
  line 5: no native function named '1'
  line 5: no function named '1' found in this script or imported scripts
  line 5: cannot resolve type '1'
  line 5: unknown variable '1'
  line 5: unknown reference '1'
  line 5: no native function named '1'
  line 5: no function named '1' found in this script or imported scripts
  line 5: cannot resolve type '1'
  unknown variable 'self'
  unknown reference 'self'
  no native function named 'self'
  no function named 'self' found in this script or imported scripts
  cannot resolve type 'self'
  unrecognized literal 'self' (expected integer, float, string, or bool)
  unresolved name 'self'
  argument 1 to function 'TopLeft' failed to compile
  unknown variable 'self'
  unknown reference 'self'
  no native function named 'self'
  no function named 'self' found in this script or imported scripts
  cannot resolve type 'self'
  unrecognized literal 'self' (expected integer, float, string, or bool)
  unresolved name 'self'
  no function named 'TopLeft' found in this script or imported scripts
  unknown variable 'self'
  unknown reference 'self'
  no native function named 'self'
  no function named 'self' found in this script or imported scripts
  cannot resolve type 'self'
  unrecognized literal 'self' (expected integer, float, string, or bool)
  unresolved name 'self'
  '.' -- object expression failed to compile
  unknown variable 'self'
  unknown reference 'self'
  no native function named 'self'
  no function named 'self' found in this script or imported scripts
  cannot resolve type 'self'
  unrecognized literal 'self' (expected integer, float, string, or bool)
  unresolved name 'self'
  '->' -- pointer expression failed to compile
  cannot resolve type '(TopLeft self)'
  unknown type 'TopLeft' for cast/conversion
  line 5: argument 2 to function 'Draw' failed to compile
  line 5: unknown variable '0'
  line 5: unknown reference '0'
  line 5: no native function named '0'
  line 5: no function named '0' found in this script or imported scripts
  line 5: cannot resolve type '0'
  line 5: unknown variable '1'
  line 5: unknown reference '1'
  line 5: no native function named '1'
  line 5: no function named '1' found in this script or imported scripts
  line 5: cannot resolve type '1'
  line 5: unknown variable '1'
  line 5: unknown reference '1'
  line 5: no native function named '1'
  line 5: no function named '1' found in this script or imported scripts
  line 5: cannot resolve type '1'
  line 5: unknown variable '1'
  line 5: unknown reference '1'
  line 5: no native function named '1'
  line 5: no function named '1' found in this script or imported scripts
  line 5: cannot resolve type '1'
  line 5: no function named 'Draw' found in this script or imported scripts
  line 5: '.' field access expects 1 argument (object)
  line 5: '->' dereference expects 1 argument (pointer)
  line 5: cannot resolve type '(Draw (Glyph_Circle 0 1 1 1) (TopLeft self) 16 Colors:Primary 0.5)'
  line 3: no function named '--' found in this script or imported scripts
  line 3: '.' field access expects 1 argument (object)
  line 3: '->' dereference expects 1 argument (pointer)
  line 3: cannot resolve type '(-- (Draw (Glyph_Circle 0 1 1 1) (TopLeft self) 16 Colors:Primary 0.5) (Draw (Glyph_Circle 0 1 1 1) (TopRight self) 16 Colors:Primary 0.5) (Draw (Glyph_Line (TopLeft self) (TopRight self) 1 1) 0 1 Colors:Primary 0.1))'
  line 11: unknown variable '0'
  line 11: unknown reference '0'
  line 11: no native function named '0'
  line 11: no function named '0' found in this script or imported scripts
  line 11: cannot resolve type '0'
  line 11: unknown variable '1'
  line 11: unknown reference '1'
  line 11: no native function named '1'
  line 11: no function named '1' found in this script or imported scripts
  line 11: cannot resolve type '1'
  line 11: unknown variable '1'
  line 11: unknown reference '1'
  line 11: no native function named '1'
  line 11: no function named '1' found in this script or imported scripts
  line 11: cannot resolve type '1'
  line 11: unknown variable '1'
  line 11: unknown reference '1'
  line 11: no native function named '1'
  line 11: no function named '1' found in this script or imported scripts
  line 11: cannot resolve type '1'
  unknown variable 'self'
  unknown reference 'self'
  no native function named 'self'
  no function named 'self' found in this script or imported scripts
  cannot resolve type 'self'
  unrecognized literal 'self' (expected integer, float, string, or bool)
  unresolved name 'self'
  argument 1 to function 'TopLeft' failed to compile
  unknown variable 'self'
  unknown reference 'self'
  no native function named 'self'
  no function named 'self' found in this script or imported scripts
  cannot resolve type 'self'
  unrecognized literal 'self' (expected integer, float, string, or bool)
  unresolved name 'self'
  no function named 'TopLeft' found in this script or imported scripts
  unknown variable 'self'
  unknown reference 'self'
  no native function named 'self'
  no function named 'self' found in this script or imported scripts
  cannot resolve type 'self'
  unrecognized literal 'self' (expected integer, float, string, or bool)
  unresolved name 'self'
  '.' -- object expression failed to compile
  unknown variable 'self'
  unknown reference 'self'
  no native function named 'self'
  no function named 'self' found in this script or imported scripts
  cannot resolve type 'self'
  unrecognized literal 'self' (expected integer, float, string, or bool)
  unresolved name 'self'
  '->' -- pointer expression failed to compile
  cannot resolve type '(TopLeft self)'
  unknown type 'TopLeft' for cast/conversion
  line 11: argument 2 to function 'Draw' failed to compile
  line 11: unknown variable '0'
  line 11: unknown reference '0'
  line 11: no native function named '0'
  line 11: no function named '0' found in this script or imported scripts
  line 11: cannot resolve type '0'
  line 11: unknown variable '1'
  line 11: unknown reference '1'
  line 11: no native function named '1'
  line 11: no function named '1' found in this script or imported scripts
  line 11: cannot resolve type '1'
  line 11: unknown variable '1'
  line 11: unknown reference '1'
  line 11: no native function named '1'
  line 11: no function named '1' found in this script or imported scripts
  line 11: cannot resolve type '1'
  line 11: unknown variable '1'
  line 11: unknown reference '1'
  line 11: no native function named '1'
  line 11: no function named '1' found in this script or imported scripts
  line 11: cannot resolve type '1'
  line 11: no function named 'Draw' found in this script or imported scripts
  line 11: '.' field access expects 1 argument (object)
  line 11: '->' dereference expects 1 argument (pointer)
  line 11: cannot resolve type '(Draw (Glyph_Circle 0 1 1 1) (TopLeft self) 16 Colors:Primary 0.5)'
  line 9: argument 1 to function '--' failed to compile
  line 11: unknown variable '0'
  line 11: unknown reference '0'
  line 11: no native function named '0'
  line 11: no function named '0' found in this script or imported scripts
  line 11: cannot resolve type '0'
  line 11: unknown variable '1'
  line 11: unknown reference '1'
  line 11: no native function named '1'
  line 11: no function named '1' found in this script or imported scripts
  line 11: cannot resolve type '1'
  line 11: unknown variable '1'
  line 11: unknown reference '1'
  line 11: no native function named '1'
  line 11: no function named '1' found in this script or imported scripts
  line 11: cannot resolve type '1'
  line 11: unknown variable '1'
  line 11: unknown reference '1'
  line 11: no native function named '1'
  line 11: no function named '1' found in this script or imported scripts
  line 11: cannot resolve type '1'
  unknown variable 'self'
  unknown reference 'self'
  no native function named 'self'
  no function named 'self' found in this script or imported scripts
  cannot resolve type 'self'
  unrecognized literal 'self' (expected integer, float, string, or bool)
  unresolved name 'self'
  argument 1 to function 'TopLeft' failed to compile
  unknown variable 'self'
  unknown reference 'self'
  no native function named 'self'
  no function named 'self' found in this script or imported scripts
  cannot resolve type 'self'
  unrecognized literal 'self' (expected integer, float, string, or bool)
  unresolved name 'self'
  no function named 'TopLeft' found in this script or imported scripts
  unknown variable 'self'
  unknown reference 'self'
  no native function named 'self'
  no function named 'self' found in this script or imported scripts
  cannot resolve type 'self'
  unrecognized literal 'self' (expected integer, float, string, or bool)
  unresolved name 'self'
  '.' -- object expression failed to compile
  unknown variable 'self'
  unknown reference 'self'
  no native function named 'self'
  no function named 'self' found in this script or imported scripts
  cannot resolve type 'self'
  unrecognized literal 'self' (expected integer, float, string, or bool)
  unresolved name 'self'
  '->' -- pointer expression failed to compile
  cannot resolve type '(TopLeft self)'
  unknown type 'TopLeft' for cast/conversion
  line 11: argument 2 to function 'Draw' failed to compile
  line 11: unknown variable '0'
  line 11: unknown reference '0'
  line 11: no native function named '0'
  line 11: no function named '0' found in this script or imported scripts
  line 11: cannot resolve type '0'
  line 11: unknown variable '1'
  line 11: unknown reference '1'
  line 11: no native function named '1'
  line 11: no function named '1' found in this script or imported scripts
  line 11: cannot resolve type '1'
  line 11: unknown variable '1'
  line 11: unknown reference '1'
  line 11: no native function named '1'
  line 11: no function named '1' found in this script or imported scripts
  line 11: cannot resolve type '1'
  line 11: unknown variable '1'
  line 11: unknown reference '1'
  line 11: no native function named '1'
  line 11: no function named '1' found in this script or imported scripts
  line 11: cannot resolve type '1'
  line 11: no function named 'Draw' found in this script or imported scripts
  line 11: '.' field access expects 1 argument (object)
  line 11: '->' dereference expects 1 argument (pointer)
  line 11: cannot resolve type '(Draw (Glyph_Circle 0 1 1 1) (TopLeft self) 16 Colors:Primary 0.5)'
  line 9: no function named '--' found in this script or imported scripts
  line 9: '.' field access expects 1 argument (object)
  line 9: '->' dereference expects 1 argument (pointer)
  line 9: cannot resolve type '(-- (Draw (Glyph_Circle 0 1 1 1) (TopLeft self) 16 Colors:Primary 0.5) (Draw (Glyph_Circle 0 1 1 1) (TopRight self) 16 Colors:Primary 0.5) (Draw (Glyph_Line (TopLeft self) (TopRight self) 1 1) 0 1 Colors:Primary 0.1))'
  line 11: function 'PrePosition' is already defined
Stack Trace
  Compile Expression 	/home/rhague/Documents/Code_Projects/ltheory-old-test/src/liblt/LTE/Expression.cpp 	32 	
  Compile Expression 	/home/rhague/Documents/Code_Projects/ltheory-old-test/src/liblt/LTE/Expression.cpp 	32 	
  Compile Expression 	/home/rhague/Documents/Code_Projects/ltheory-old-test/src/liblt/LTE/Expression.cpp 	32 	
  Compile Expression 	/home/rhague/Documents/Code_Projects/ltheory-old-test/src/liblt/LTE/Expression.cpp 	32 	
  Compile Expression 	/home/rhague/Documents/Code_Projects/ltheory-old-test/src/liblt/LTE/Expression.cpp 	32 	
  Compile Expression 	/home/rhague/Documents/Code_Projects/ltheory-old-test/src/liblt/LTE/Expression.cpp 	32 	
  Compile Expression 	/home/rhague/Documents/Code_Projects/ltheory-old-test/src/liblt/LTE/Expression.cpp 	32 	
  Widget/Object/Overview 	/home/rhague/Documents/Code_Projects/ltheory-old-test/src/liblt/LTE/Script.cpp 	51 	
  Compile Expression 	/home/rhague/Documents/Code_Projects/ltheory-old-test/src/liblt/LTE/Expression.cpp 	32 	
  Compile Expression 	/home/rhague/Documents/Code_Projects/ltheory-old-test/src/liblt/LTE/Expression.cpp 	32 	
  Compile Expression 	/home/rhague/Documents/Code_Projects/ltheory-old-test/src/liblt/LTE/Expression.cpp 	32 	
  Compile Expression 	/home/rhague/Documents/Code_Projects/ltheory-old-test/src/liblt/LTE/Expression.cpp 	32 	
  Widget/ObjectInfo 	/home/rhague/Documents/Code_Projects/ltheory-old-test/src/liblt/LTE/Script.cpp 	51 	
  Compile Expression 	/home/rhague/Documents/Code_Projects/ltheory-old-test/src/liblt/LTE/Expression.cpp 	32 	
  Compile Expression 	/home/rhague/Documents/Code_Projects/ltheory-old-test/src/liblt/LTE/Expression.cpp 	32 	
  Compile Expression 	/home/rhague/Documents/Code_Projects/ltheory-old-test/src/liblt/LTE/Expression.cpp 	32 	
  Compile Expression 	/home/rhague/Documents/Code_Projects/ltheory-old-test/src/liblt/LTE/Expression.cpp 	32 	
  Compile Expression 	/home/rhague/Documents/Code_Projects/ltheory-old-test/src/liblt/LTE/Expression.cpp 	32 	
  Widget/HUD/Sockets 	/home/rhague/Documents/Code_Projects/ltheory-old-test/src/liblt/LTE/Script.cpp 	51 	
  Compile Expression 	/home/rhague/Documents/Code_Projects/ltheory-old-test/src/liblt/LTE/Expression.cpp 	32 	
  Compile Expression 	/home/rhague/Documents/Code_Projects/ltheory-old-test/src/liblt/LTE/Expression.cpp 	32 	
  Compile Expression 	/home/rhague/Documents/Code_Projects/ltheory-old-test/src/liblt/LTE/Expression.cpp 	32 	
  Compile Expression 	/home/rhague/Documents/Code_Projects/ltheory-old-test/src/liblt/LTE/Expression.cpp 	32 	
  Compile Expression 	/home/rhague/Documents/Code_Projects/ltheory-old-test/src/liblt/LTE/Expression.cpp 	32 	
  Compile Expression 	/home/rhague/Documents/Code_Projects/ltheory-old-test/src/liblt/LTE/Expression.cpp 	32 	
  Compile Expression 	/home/rhague/Documents/Code_Projects/ltheory-old-test/src/liblt/LTE/Expression.cpp 	32 	
  Compile Expression 	/home/rhague/Documents/Code_Projects/ltheory-old-test/src/liblt/LTE/Expression.cpp 	32 	
  Widget/HUD 	/home/rhague/Documents/Code_Projects/ltheory-old-test/src/liblt/LTE/Script.cpp 	51 	
  Compile Expression 	/home/rhague/Documents/Code_Projects/ltheory-old-test/src/liblt/LTE/Expression.cpp 	32 	
  Compile Expression 	/home/rhague/Documents/Code_Projects/ltheory-old-test/src/liblt/LTE/Expression.cpp 	32 	
  Compile Expression 	/home/rhague/Documents/Code_Projects/ltheory-old-test/src/liblt/LTE/Expression.cpp 	32 	
  App/ltheory-main 	/home/rhague/Documents/Code_Projects/ltheory-old-test/src/liblt/LTE/Script.cpp 	51 	
  Initialize 	/home/rhague/Documents/Code_Projects/ltheory-old-test/src/liblt/LTE/Program.cpp 	34 	

ASSERTION FAILURE.
 Line : 42
 File : /home/rhague/Documents/Code_Projects/ltheory-old-test/src/liblt/LTE/OS.cpp
 Statement : "Access Violation"
Stack Trace
  Compile Expression 	/home/rhague/Documents/Code_Projects/ltheory-old-test/src/liblt/LTE/Expression.cpp 	32 	
  Compile Expression 	/home/rhague/Documents/Code_Projects/ltheory-old-test/src/liblt/LTE/Expression.cpp 	32 	
  Compile Expression 	/home/rhague/Documents/Code_Projects/ltheory-old-test/src/liblt/LTE/Expression.cpp 	32 	
  Compile Expression 	/home/rhague/Documents/Code_Projects/ltheory-old-test/src/liblt/LTE/Expression.cpp 	32 	
  Compile Expression 	/home/rhague/Documents/Code_Projects/ltheory-old-test/src/liblt/LTE/Expression.cpp 	32 	
  Compile Expression 	/home/rhague/Documents/Code_Projects/ltheory-old-test/src/liblt/LTE/Expression.cpp 	32 	
  Compile Expression 	/home/rhague/Documents/Code_Projects/ltheory-old-test/src/liblt/LTE/Expression.cpp 	32 	
  Widget/Object/Overview 	/home/rhague/Documents/Code_Projects/ltheory-old-test/src/liblt/LTE/Script.cpp 	51 	
  Compile Expression 	/home/rhague/Documents/Code_Projects/ltheory-old-test/src/liblt/LTE/Expression.cpp 	32 	
  Compile Expression 	/home/rhague/Documents/Code_Projects/ltheory-old-test/src/liblt/LTE/Expression.cpp 	32 	
  Compile Expression 	/home/rhague/Documents/Code_Projects/ltheory-old-test/src/liblt/LTE/Expression.cpp 	32 	
  Compile Expression 	/home/rhague/Documents/Code_Projects/ltheory-old-test/src/liblt/LTE/Expression.cpp 	32 	
  Widget/ObjectInfo 	/home/rhague/Documents/Code_Projects/ltheory-old-test/src/liblt/LTE/Script.cpp 	51 	
  Compile Expression 	/home/rhague/Documents/Code_Projects/ltheory-old-test/src/liblt/LTE/Expression.cpp 	32 	
  Compile Expression 	/home/rhague/Documents/Code_Projects/ltheory-old-test/src/liblt/LTE/Expression.cpp 	32 	
  Compile Expression 	/home/rhague/Documents/Code_Projects/ltheory-old-test/src/liblt/LTE/Expression.cpp 	32 	
  Compile Expression 	/home/rhague/Documents/Code_Projects/ltheory-old-test/src/liblt/LTE/Expression.cpp 	32 	
  Compile Expression 	/home/rhague/Documents/Code_Projects/ltheory-old-test/src/liblt/LTE/Expression.cpp 	32 	
  Widget/HUD/Sockets 	/home/rhague/Documents/Code_Projects/ltheory-old-test/src/liblt/LTE/Script.cpp 	51 	
  Compile Expression 	/home/rhague/Documents/Code_Projects/ltheory-old-test/src/liblt/LTE/Expression.cpp 	32 	
  Compile Expression 	/home/rhague/Documents/Code_Projects/ltheory-old-test/src/liblt/LTE/Expression.cpp 	32 	
  Compile Expression 	/home/rhague/Documents/Code_Projects/ltheory-old-test/src/liblt/LTE/Expression.cpp 	32 	
  Compile Expression 	/home/rhague/Documents/Code_Projects/ltheory-old-test/src/liblt/LTE/Expression.cpp 	32 	
  Compile Expression 	/home/rhague/Documents/Code_Projects/ltheory-old-test/src/liblt/LTE/Expression.cpp 	32 	
  Compile Expression 	/home/rhague/Documents/Code_Projects/ltheory-old-test/src/liblt/LTE/Expression.cpp 	32 	
  Compile Expression 	/home/rhague/Documents/Code_Projects/ltheory-old-test/src/liblt/LTE/Expression.cpp 	32 	
  Compile Expression 	/home/rhague/Documents/Code_Projects/ltheory-old-test/src/liblt/LTE/Expression.cpp 	32 	
  Widget/HUD 	/home/rhague/Documents/Code_Projects/ltheory-old-test/src/liblt/LTE/Script.cpp 	51 	
  Compile Expression 	/home/rhague/Documents/Code_Projects/ltheory-old-test/src/liblt/LTE/Expression.cpp 	32 	
  Compile Expression 	/home/rhague/Documents/Code_Projects/ltheory-old-test/src/liblt/LTE/Expression.cpp 	32 	
  Compile Expression 	/home/rhague/Documents/Code_Projects/ltheory-old-test/src/liblt/LTE/Expression.cpp 	32 	
  App/ltheory-main 	/home/rhague/Documents/Code_Projects/ltheory-old-test/src/liblt/LTE/Script.cpp 	51 	
  Initialize 	/home/rhague/Documents/Code_Projects/ltheory-old-test/src/liblt/LTE/Program.cpp 	34 	
